ID,observed_solubility,mean_prediction,mean_residual,mean_absolute_error,median_absolute_error,prediction_count,mean_squared_error,prediction_sd,prediction_range,rdkit_molwt,rdkit_mollogp,rdkit_ring_count,rdkit_aromatic_rings,rdkit_rotatable_bonds,rdkit_fraction_csp3,recomputed_absolute_error,recomputed_residual,failure_mode,error_direction,solubility_region,failure_priority_score
A-5980,-9.0249738719,-2.269105694460059,-6.755868177439941,6.755868177439941,6.832914253966363,4,45.64175483094567,0.3837913468875095,0.8649862358501381,423.6760000000001,-0.917,3,0,0,1.0,6.755868177439941,-6.755868177439941,High-error + high-uncertainty,Overprediction,< -6,15.226771644505684
A-4449,-0.6984761493999999,-7.357775264440619,6.659299115040618,6.659299115040618,6.507224427936265,3,44.34626470358076,0.288427605589408,0.513207368702453,596.7710000000004,6.205800000000007,4,4,11,0.2903225806451613,6.659299115040619,6.659299115040619,High-error + high-uncertainty,Underprediction,-2 to < 0,13.970181349191328
A-5604,-6.566718008,-0.15381889168980378,-6.412899116310196,6.412899116310196,6.382676982811905,3,41.12527507597209,0.1982995323085101,0.3931293502087193,30.974,0.8612,0,0,0,0.0,6.412899116310196,-6.412899116310196,High-error + high-uncertainty,Overprediction,< -6,12.534805059304384
A-2714,-6.8304564998999995,-1.3193583723309539,-5.5110981275690465,5.5110981275690465,5.27902191847943,3,30.372202571695052,0.7867891291046472,1.5213712348512358,338.39700000000005,-1.3292999999999988,0,0,14,0.9333333333333332,5.511098127569046,-5.511098127569046,High-error + high-uncertainty,Overprediction,< -6,17.897076587602882
A-2622,-6.417202563200001,-1.0753990018830895,-5.341803561316912,5.341803561316912,5.42275313432426,3,28.53486528769804,0.407731363902464,0.803318716530891,522.6760000000004,1.9984000000000008,1,0,25,0.9615384615384616,5.341803561316912,-5.341803561316912,High-error + high-uncertainty,Overprediction,< -6,13.244985136006932
B-1512,-0.5932,-5.1934350403898515,4.600235040389852,4.600235040389852,4.584878520368285,3,21.162162426830623,0.2724146453607133,0.5441796467220126,218.3209999999999,4.749800000000005,0,0,9,1.0,4.600235040389851,4.600235040389851,High-error + high-uncertainty,Underprediction,-2 to < 0,10.496378537651214
B-2753,-0.5781,-4.961191816312575,4.383091816312575,4.383091816312575,4.386105950865641,3,19.21149387022627,0.3495062331342081,0.6989929706208367,378.531,4.906400000000003,0,0,17,0.8333333333333334,4.383091816312575,4.383091816312575,High-error + high-uncertainty,Underprediction,-2 to < 0,11.040697001015182
B-2814,-0.5781,-4.961191816312575,4.383091816312575,4.383091816312575,4.386105950865641,3,19.21149387022627,0.3495062331342081,0.6989929706208367,378.531,4.906400000000003,0,0,17,0.8333333333333334,4.383091816312575,4.383091816312575,High-error + high-uncertainty,Underprediction,-2 to < 0,11.040697001015182
B-2402,-13.1719,-8.789050311022926,-4.382849688977076,4.382849688977076,4.382849688977076,2,19.20937139616645,1.4075187678818049,1.9905321308331168,653.73,9.716199999999992,5,0,0,0.7777777777777778,4.382849688977075,-4.382849688977075,High-error + high-uncertainty,Overprediction,< -6,23.270347090272416
A-4204,-2.2334403365,-6.506348863944382,4.272908527444382,4.272908527444382,4.344683112616303,3,18.257747283906912,0.2510964974406031,0.4865624634905074,342.35000000000014,5.056400000000003,4,4,3,0.0,4.272908527444382,4.272908527444382,High-error + high-uncertainty,Underprediction,-4 to < -2,9.727152294127592
A-5964,-9.4071737246,-5.172607345827816,-4.2345663787721834,4.2345663787721834,4.305026027605159,3,17.931552416227763,0.1924070516647769,0.3649495962188886,384.8460000000002,4.828000000000005,0,0,8,1.0,4.2345663787721834,-4.2345663787721834,High-error + high-uncertainty,Overprediction,< -6,8.987495499683078
B-359,0.3783,-3.812726598472096,4.191026598472096,4.191026598472096,4.2811429703672665,4,17.564703949100586,0.2062149988410208,0.4354141147904196,209.252,2.5524000000000004,3,3,0,0.0,4.191026598472096,4.191026598472096,High-error + high-uncertainty,Underprediction,>= 0,9.077566702203383
A-5480,-4.4504277175,-8.601080622858518,4.150652905358519,4.150652905358519,4.150652905358519,2,17.227919540761114,0.5707069714333612,0.807101539141934,564.232,8.3178,8,8,0,0.0,4.150652905358518,4.150652905358518,High-error + high-uncertainty,Underprediction,-6 to < -4,13.226407132889648
A-5266,-1.0605299646,-5.19253615816506,4.13200619356506,4.13200619356506,4.090458765252085,5,17.073475183660012,0.2914438814567921,0.7207627232760814,310.38000000000005,4.915540000000004,2,2,4,0.1428571428571428,4.1320061935650605,4.1320061935650605,High-error + high-uncertainty,Underprediction,-2 to < 0,9.968498830829743
B-142,-3.4634,-7.538181180818313,4.074781180818313,4.074781180818313,4.074781180818313,2,16.603841671551084,0.4175305096405834,0.5904773094382634,406.907,6.609000000000001,2,2,2,0.0769230769230769,4.074781180818313,4.074781180818313,High-error + high-uncertainty,Underprediction,-4 to < -2,11.33459135728014
A-2335,-4.8251168095,-0.7788035614982066,-4.046313248001794,4.046313248001794,4.343893979752921,3,16.372650900954827,0.6706503854718717,1.238315340454793,296.156,-2.195199999999998,1,0,4,1.0,4.046313248001793,-4.046313248001793,High-error + high-uncertainty,Overprediction,-6 to < -4,14.215047931550128
F-1119,-3.54,-7.570986950604334,4.030986950604334,4.030986950604334,4.014708876922632,5,16.24885579594243,0.2035614043533215,0.5121917205681523,416.1350000000001,6.454800000000004,3,3,6,0.1666666666666666,4.030986950604334,4.030986950604334,High-error + high-uncertainty,Underprediction,-4 to < -2,8.791280038970939
A-5267,0.9642581623,-3.0238360136332103,3.98809417593321,3.98809417593321,3.98809417593321,2,15.90489515611239,0.1788998570586932,0.2530026041590121,271.44499999999994,3.0662000000000016,1,0,10,1.0,3.9880941759332105,3.9880941759332105,High-error + high-uncertainty,Underprediction,>= 0,8.437698654792124
A-216,-7.6382805905,-3.676796421152018,-3.961484169347982,3.961484169347982,3.961484169347982,2,15.69335682399467,0.2379809398892489,0.336555872777672,291.31,2.3476800000000004,3,2,2,0.1176470588235294,3.961484169347982,-3.961484169347982,High-error + high-uncertainty,Overprediction,< -6,9.07814208540387
B-4371,-2.0061,-5.9632263348394305,3.957126334839431,3.957126334839431,4.045379319421163,3,15.658848829879748,0.1611020536401494,0.283636596520167,552.6580000000001,4.7458,1,1,1,0.0,3.9571263348394305,3.9571263348394305,High-error + high-uncertainty,Underprediction,-4 to < -2,8.182504634417537
A-1390,-3.3290743263999993,-7.21726255749465,3.888188231094651,3.888188231094651,3.8066534990990384,3,15.11800772042295,0.1536791437914262,0.2729933687492689,426.6820000000002,7.626400000000009,0,0,21,0.9230769230769232,3.888188231094651,3.888188231094651,High-error + high-uncertainty,Underprediction,-4 to < -2,7.986593163365606
A-6085,-8.6461429905,-4.809197233079933,-3.8369457574200667,3.8369457574200667,3.8369457574200667,2,14.72215274538385,0.183421094326016,0.2593965992211666,376.3240000000001,3.525000000000001,4,3,3,0.0,3.8369457574200663,-3.8369457574200663,High-error + high-uncertainty,Overprediction,< -6,8.248549977875657
H-94,-12.949999999999998,-9.16328277917671,-3.7867172208232898,3.7867172208232898,3.801989402905908,6,14.339227310479659,0.2758229709886295,0.7108899183596833,514.6610000000003,10.0129,2,2,2,0.0,3.786717220823288,-3.786717220823288,High-error + high-uncertainty,Overprediction,< -6,9.236440152173774
B-529,0.5373,-3.1208739936535395,3.65817399365354,3.65817399365354,3.743762349842739,3,13.38223696784309,0.2604207106430203,0.4992991948539025,290.189,3.3652000000000024,0,0,10,1.0,3.6581739936535396,3.6581739936535396,High-error + high-uncertainty,Underprediction,>= 0,8.853091541872315
B-455,-7.0641,-3.412225638399827,-3.6518743616001728,3.6518743616001728,3.59347765079322,3,13.33618635291267,0.2721886947430079,0.5348983218186394,162.27599999999998,3.373800000000002,1,1,3,0.5,3.6518743616001728,-3.6518743616001728,High-error + high-uncertainty,Overprediction,< -6,8.979061232419525
A-1648,-3.6026675784,0.00022013837082809906,-3.6028877167708284,3.6028877167708284,3.700306818128415,3,12.980799899658113,0.1783468870785833,0.314259454264346,60.084,-0.6184000000000001,0,0,0,0.0,3.6028877167708284,-3.6028877167708284,High-error + high-uncertainty,Overprediction,-4 to < -2,7.8160614667564
A-5022,-4.672731896,-8.258095202735548,3.585363306735548,3.585363306735548,3.585363306735548,2,12.854830041285664,0.3893300140410286,0.5505957860957302,847.2359999999995,7.777400000000011,4,0,11,0.9166666666666666,3.585363306735548,3.585363306735548,High-error + high-uncertainty,Underprediction,-6 to < -4,10.22691945284615
A-2685,-6.905873560900001,-3.3513028003866068,-3.554570760513393,3.554570760513393,3.430655081096661,3,12.634973291496761,0.2410630163713642,0.431717760385546,402.57200000000006,3.492400000000002,1,0,17,0.9545454545454546,3.554570760513394,-3.554570760513394,High-error + high-uncertainty,Overprediction,< -6,8.463854045522908
B-3426,-2.8474,-6.399456304560607,3.5520563045606073,3.5520563045606073,3.5266615387813784,4,12.617103990768758,0.2098434862783499,0.409420966868157,281.4839999999999,5.357800000000005,1,0,0,0.9444444444444444,3.552056304560607,3.552056304560607,High-error + high-uncertainty,Underprediction,-4 to < -2,8.09895758485766
F-811,-2.64,-6.167140774102915,3.5271407741029144,3.5271407741029144,3.612921788604739,4,12.440722040339306,0.2038134589922804,0.4357321745429594,399.9660000000001,5.972400000000007,3,3,9,0.4347826086956521,3.527140774102915,3.527140774102915,High-error + high-uncertainty,Underprediction,-4 to < -2,7.989459162458733
A-3306,0.2865181043,-3.2134137118252037,3.4999318161252035,3.4999318161252035,3.592316227480733,3,12.249522717525466,0.6433085011249728,1.276627851840196,351.55300000000005,2.889800000000001,0,0,15,1.0,3.499931816125204,3.499931816125204,High-error + high-uncertainty,Underprediction,>= 0,13.02631987656255
F-715,-1.53,-5.009418995550725,3.479418995550724,3.479418995550724,3.508122941737297,3,12.106356546599208,0.4382257591138656,0.8750402929143606,225.41999999999996,4.613000000000004,1,0,9,1.0,3.4794189955507244,3.4794189955507244,High-error + high-uncertainty,Underprediction,-2 to < 0,10.622914647220906
B-960,-1.3269,-4.758927157818847,3.4320271578188466,3.4320271578188466,3.4320271578188466,2,11.778810412006111,0.1812557090017348,0.2563342819278045,354.4940000000001,3.7264000000000026,5,1,2,0.6818181818181818,3.4320271578188466,3.4320271578188466,High-error + high-uncertainty,Underprediction,-2 to < 0,7.576790271446693
B-2871,-3.6344,-7.038727941393238,3.404327941393238,3.404327941393238,3.2651695855968943,3,11.589448732550721,1.1994949036958982,2.3868508441052416,430.907,5.725700000000003,0,0,12,1.0,3.404327941393238,3.404327941393238,High-error + high-uncertainty,Underprediction,-4 to < -2,19.302828664819852
F-72,-4.53,-1.1700145038492638,-3.3599854961507365,3.3599854961507365,3.4757525829939957,3,11.289502534343312,0.2044050751686554,0.3562578894990127,169.224,1.2293999999999998,1,0,2,0.7777777777777778,3.3599854961507365,-3.3599854961507365,High-error + high-uncertainty,Overprediction,-6 to < -4,7.729320368107272
A-2790,-7.946874563300001,-4.615769168753628,-3.3311053945463724,3.3311053945463724,3.3311053945463724,2,11.096263149575943,0.1881200483551158,0.2660419237380873,442.4300000000002,4.140600000000002,7,7,0,0.0,3.3311053945463724,-3.3311053945463724,High-error + high-uncertainty,Overprediction,< -6,7.494947706191089
A-6060,-7.5649937324000005,-4.2441886334396015,-3.3208050989603985,3.3208050989603985,4.006351063802789,3,11.027746505281382,1.216103579681944,2.122666214063318,367.2770000000001,-2.7986999999999984,4,2,0,0.0,3.320805098960399,-3.320805098960399,High-error + high-uncertainty,Overprediction,< -6,19.361414473221046
A-5759,-8.1667842337,-4.852432399324722,-3.314351834375278,3.314351834375278,3.398729055557504,3,10.984928082026771,0.1959956978118737,0.3637288933804274,440.4590000000002,3.2151,4,3,6,0.04,3.3143518343752776,-3.3143518343752776,High-error + high-uncertainty,Overprediction,< -6,7.559227336762184
F-714,-1.58,-4.893976544725165,3.3139765447251643,3.3139765447251643,3.3286560086518415,4,10.98244053898854,0.1707793655546095,0.3247672832319637,228.682,3.6236000000000015,3,3,0,0.0,3.313976544725165,3.313976544725165,High-error + high-uncertainty,Underprediction,-2 to < 0,7.267141146031159
A-5977,-8.1939864578,-4.886965060327942,-3.3070213974720577,3.3070213974720577,3.3226226862677626,3,10.93639052333804,0.3757000197014968,0.7509139888020195,284.484,5.886700000000007,0,0,14,0.9444444444444444,3.3070213974720577,-3.3070213974720577,High-error + high-uncertainty,Overprediction,< -6,9.624801361753324
A-3374,0.0571886956,-3.2407872947729883,3.297975990372988,3.297975990372988,3.297975990372988,2,10.876645633076691,0.3101512652512807,0.4386201257055364,530.6180000000004,2.116999999999999,3,2,20,0.5,3.297975990372988,3.297975990372988,High-error + high-uncertainty,Underprediction,>= 0,8.852647025869452
B-3225,-4.5051,-7.7987463534245505,3.293646353424551,3.293646353424551,3.3089297658529637,3,10.84810630142684,0.1954601263972532,0.390022942861763,447.91600000000017,6.5575,2,2,3,0.0,3.293646353424551,3.293646353424551,High-error + high-uncertainty,Underprediction,-6 to < -4,7.519965989175304
A-5753,-7.9969982826,-4.723972152945417,-3.273026129654583,3.273026129654583,3.273026129654583,2,10.712700045401657,0.2004319343724882,0.2834535599222469,327.7270000000001,3.660300000000002,3,2,3,0.0,3.273026129654583,-3.273026129654583,High-error + high-uncertainty,Overprediction,< -6,7.54450305739647
A-5013,-4.3499005787,-7.619559646093283,3.269659067393283,3.269659067393283,3.656974840844589,3,10.690670416987112,1.5015062238649095,2.9271220056785623,514.7880000000006,10.609999999999992,0,0,26,0.9333333333333332,3.269659067393283,3.269659067393283,High-error + high-uncertainty,Underprediction,-6 to < -4,22.57882083431655
A-6079,-8.4055410062,-5.15978171771086,-3.2457592884891397,3.2457592884891397,3.2854046919646054,3,10.534953358813526,0.3230113776545603,0.6423629241534652,254.41399999999996,5.026600000000005,0,0,12,0.8125,3.2457592884891397,-3.2457592884891397,High-error + high-uncertainty,Overprediction,< -6,8.91790315464533
F-713,-0.95,-4.188342628306263,3.2383426283062624,3.2383426283062624,3.2246110596349955,4,10.486862978305512,0.2014631602872165,0.4590101804555364,212.227,3.109300000000001,3,3,0,0.0,3.2383426283062624,3.2383426283062624,High-error + high-uncertainty,Underprediction,-2 to < 0,7.501027561143884
F-1158,-1.29,-4.509043824931078,3.219043824931079,3.219043824931079,3.219043824931079,2,10.362243146826913,0.2751790576589378,0.3891619554223178,384.52000000000015,3.522700000000002,3,2,8,0.5217391304347826,3.219043824931078,3.219043824931078,High-error + high-uncertainty,Underprediction,-2 to < 0,8.322318641776125
B-714,-3.5706,-0.3590499537027134,-3.211550046297287,3.211550046297287,3.211550046297287,2,10.314053699872105,0.1795758720771062,0.2539586337664196,222.117,-1.6463999999999996,1,0,3,1.0,3.211550046297287,-3.211550046297287,High-error + high-uncertainty,Overprediction,-4 to < -2,7.205230022033961
F-717,-1.73,-4.893976544725165,3.1639765447251644,3.1639765447251644,3.178656008651842,4,10.01074757557099,0.1707793655546095,0.3247672832319637,228.682,3.6236000000000015,3,3,0,0.0,3.163976544725165,3.163976544725165,High-error + high-uncertainty,Underprediction,-2 to < 0,7.027563713800798
A-6094,-9.2047594175,-6.052259174469897,-3.152500243030104,3.152500243030104,2.978637704671645,3,9.938257782304865,0.3314620831615237,0.5905792948976174,640.9430000000001,9.011200000000004,0,0,28,0.8918918918918919,3.1525002430301035,-3.1525002430301035,High-error + high-uncertainty,Overprediction,< -6,8.86663686206939
C-2498,-2.05,-5.173633732962133,3.1236337329621335,3.1236337329621335,3.1236337329621335,2,9.757087697698953,0.3222167015360015,0.455683229335337,458.9670000000002,3.966300000000003,4,2,4,0.3043478260869565,3.1236337329621335,3.1236337329621335,High-error + high-uncertainty,Underprediction,-4 to < -2,8.713660293745619
C-2503,-2.01,-5.11766022623103,3.10766022623103,3.10766022623103,3.127160127927768,3,9.657552081698297,0.2706463146513637,0.5402378846757347,613.9150000000001,3.1154,1,1,3,0.1818181818181818,3.1076602262310304,3.1076602262310304,High-error + high-uncertainty,Underprediction,-4 to < -2,8.092022674982736
B-1945,-1.7166,-4.782829757124984,3.0662297571249844,3.0662297571249844,3.387258000985091,3,9.40176492347874,0.6463771318298132,1.1670630600539242,234.3199999999999,4.6814000000000044,0,0,10,1.0,3.066229757124984,3.066229757124984,High-error + high-uncertainty,Underprediction,-2 to < 0,12.369090037506059
B-1658,-7.506,-4.441885745318209,-3.0641142546817917,3.0641142546817917,2.886810582400769,3,9.388796165744152,0.4412291523463517,0.8272985452109243,256.4739999999999,5.850100000000007,0,0,15,1.0,3.064114254681791,-3.064114254681791,High-error + high-uncertainty,Overprediction,< -6,9.994314580831372
B-3472,0.4918,-2.5536906227971774,3.0454906227971774,3.0454906227971774,3.0454906227971774,2,9.27501313354554,0.1781471402519353,0.2519381018422688,270.72,1.8519,1,1,6,0.3636363636363636,3.0454906227971774,3.0454906227971774,High-error + high-uncertainty,Underprediction,>= 0,6.923487407756103
A-2739,-6.9257837823,-3.88317676489298,-3.04260701740702,3.04260701740702,3.04260701740702,2,9.257457462374443,0.2066512565088959,0.2922490096363219,337.16600000000017,2.5999800000000004,2,1,2,0.1428571428571428,3.04260701740702,-3.04260701740702,High-error + high-uncertainty,Overprediction,< -6,7.2483735026548635
A-5459,-3.3549684893000005,-6.396961194136144,3.041992704836144,3.041992704836144,3.1007056788158573,3,9.253719616276321,0.2393762796308202,0.4678272897757711,226.44799999999995,5.911200000000006,0,0,4,1.0,3.0419927048361433,3.0419927048361433,High-error + high-uncertainty,Underprediction,-4 to < -2,7.625675410387525
F-1055,-7.53,-4.522056147930226,-3.0079438520697734,3.0079438520697734,3.0650796641823383,4,9.047726217204348,0.1581181913339425,0.3372406591218491,286.371,4.295200000000004,2,2,6,0.3888888888888889,3.007943852069774,-3.007943852069774,High-error + high-uncertainty,Overprediction,< -6,6.631994831788906
B-696,0.0985,-2.8974569118229376,2.9959569118229377,2.9959569118229377,3.0075509608770394,4,8.975757817499634,0.2048388755307594,0.4334838057380099,398.5480000000003,2.095000000000001,2,0,9,0.9,2.9959569118229377,2.9959569118229377,High-error + high-uncertainty,Underprediction,>= 0,7.1529146358894575
A-1893,0.652738306,-2.3423728199393894,2.995111125939389,2.995111125939389,2.9334033062007046,4,8.970690656725916,0.2586488560424224,0.5707114136729721,222.46499999999995,2.1552,1,0,0,1.0,2.995111125939389,2.995111125939389,High-error + high-uncertainty,Underprediction,>= 0,7.773577225870567
B-2913,-0.9499999999999998,-3.926608232819944,2.976608232819944,2.976608232819944,3.060596687321782,3,8.86019657169147,0.192203496715638,0.3558181489610263,267.375,3.697800000000002,0,0,8,1.0,2.9766082328199444,2.9766082328199444,High-error + high-uncertainty,Underprediction,-2 to < 0,6.975953301212638
A-1635,-4.1541956574,-1.190035734385316,-2.964159923014684,2.964159923014684,2.964159923014684,2,8.786244049206417,0.4007467218320845,0.566741449091492,228.2,-0.5032000000000003,1,0,2,0.6,2.964159923014684,-2.964159923014684,High-error + high-uncertainty,Overprediction,-6 to < -4,9.366714838561794
F-724,-2.24,-5.1941217403130935,2.9541217403130933,2.9541217403130933,2.833792723167588,3,8.726835256590459,0.362704440813319,0.6948243148028137,312.586,5.090400000000005,0,0,11,1.0,2.9541217403130933,2.9541217403130933,High-error + high-uncertainty,Underprediction,-4 to < -2,8.910934402017098
F-1011,-3.93,-1.0086248239201625,-2.9213751760798377,2.9213751760798377,3.056342376116063,4,8.534432919415503,0.2994152910965224,0.6254093189155525,214.221,-0.1789999999999999,1,0,3,0.6666666666666666,2.9213751760798377,-2.9213751760798377,High-error + high-uncertainty,Overprediction,-4 to < -2,8.127044758414652
F-803,-4.33,-1.4193710144860996,-2.9106289855139003,2.9106289855139003,2.8471104221451604,4,8.471761091313676,0.1684337437969415,0.3613766889843146,214.221,0.7617999999999998,1,0,4,0.6666666666666666,2.9106289855139007,-2.9106289855139007,High-error + high-uncertainty,Overprediction,-6 to < -4,6.595807245432771
A-2201,-6.211736201,-3.313220396721461,-2.898515804278539,2.898515804278539,2.859927534194682,4,8.401393867652466,0.1614500481423708,0.3536899311239962,244.246,2.4130000000000003,2,2,2,0.1428571428571428,2.898515804278539,-2.898515804278539,High-error + high-uncertainty,Overprediction,< -6,6.4957326398069455
A-2318,-8.9978390846,-6.0996265724809975,-2.8982125121190028,2.8982125121190028,2.966841087538992,3,8.39963576540314,0.3925175567421341,0.7759835599487444,298.511,6.420900000000007,0,0,16,0.9473684210526316,2.898212512119003,-2.898212512119003,High-error + high-uncertainty,Overprediction,< -6,9.166260188496592
F-827,0.16,-2.727109880628365,2.887109880628365,2.887109880628365,2.928548128861593,3,8.335403462821933,0.1594681618809078,0.3107555202482905,188.34,2.9735700000000005,0,0,7,0.8888888888888888,2.887109880628365,2.887109880628365,High-error + high-uncertainty,Underprediction,>= 0,6.454605790243489
A-4756,-2.8923562141,-5.7712251444954035,2.8788689303954036,2.8788689303954036,2.975611823435464,3,8.287886318395975,0.3489989508712168,0.677586532315658,468.282,4.993400000000002,0,0,10,1.0,2.8788689303954036,2.8788689303954036,High-error + high-uncertainty,Underprediction,-4 to < -2,8.632314056624022
A-2217,-6.4889092646,-3.6121525886210772,-2.876756675978923,2.876756675978923,2.9819216465172587,3,8.275728972789302,0.198382636562019,0.3524821539769145,351.41,1.8958,4,3,4,0.2631578947368421,2.876756675978923,-2.876756675978923,High-error + high-uncertainty,Overprediction,< -6,6.887899525912738
A-5196,0.5055163708,-2.3615555916578033,2.8670719624578034,2.8670719624578034,2.962117914018725,3,8.22010163791164,0.1668786434928349,0.2903320993133067,265.40099999999995,1.577,1,1,6,0.6,2.8670719624578034,2.8670719624578034,High-error + high-uncertainty,Underprediction,>= 0,6.508262618715896
A-3068,-5.1490404299,-8.014511599463232,2.865471169563231,2.865471169563231,2.508937673240875,3,8.21092502359807,1.4233141528165822,2.778838661821231,422.8260000000003,11.08439999999999,0,0,21,1.0,2.8654711695632313,2.8654711695632313,High-error + high-uncertainty,Underprediction,-6 to < -4,21.02940196431766
B-893,0.6086,-2.2277647444126836,2.8363647444126836,2.8363647444126836,2.91640737182408,3,8.044964963347228,0.2065029187828974,0.3890415855081108,246.29,1.8891,0,0,7,1.0,2.8363647444126836,2.8363647444126836,High-error + high-uncertainty,Underprediction,>= 0,6.917252173119502
A-2551,-5.6135997753,-8.44375906900697,2.8301592937069717,2.8301592937069717,2.954799065790815,3,8.009801627755945,2.6608435964668025,5.317306588967596,410.7710000000004,9.997099999999996,0,0,25,1.0,2.830159293706971,2.830159293706971,High-error + high-uncertainty,Underprediction,-6 to < -4,35.278154934947736
A-6040,-8.4761487948,-5.646167008918721,-2.829981785881279,2.829981785881279,2.7164051652404506,3,8.008796908419793,0.7259034407647346,1.4384172812462142,598.6580000000001,7.414600000000006,9,7,6,0.1,2.8299817858812792,-2.8299817858812792,High-error + high-uncertainty,Overprediction,< -6,12.911038749038681
C-2510,-2.7,-5.523993016341298,2.823993016341298,2.823993016341298,2.823993016341298,2,7.974936556344422,0.3085440119135199,0.4363471262371057,453.5640000000002,4.573300000000005,3,2,6,0.3333333333333333,2.823993016341298,2.823993016341298,High-error + high-uncertainty,Underprediction,-4 to < -2,8.077030578405568
A-5474,-4.3931837232,-7.21470360327629,2.82151988007629,2.82151988007629,2.6449369841533565,3,7.960974433665721,0.4133565337510264,0.768055947559203,494.55400000000026,6.515600000000005,8,6,3,0.125,2.8215198800762904,2.8215198800762904,High-error + high-uncertainty,Underprediction,-6 to < -4,9.28465502044337
B-2333,0.6187,-2.200502097298294,2.8192020972982945,2.8192020972982945,2.714738497382791,3,7.947900465411102,0.3281118172024098,0.6307864355148669,141.94199999999998,-2.1706,0,0,0,0.0,2.819202097298294,2.819202097298294,High-error + high-uncertainty,Underprediction,>= 0,8.295571556999567
A-3074,-4.8472795348,-7.649634389860824,2.8023548550608237,2.8023548550608237,2.659101233755904,3,7.85319273368297,0.3142030896381792,0.577346972020977,562.8200000000002,9.8817,3,3,21,0.5,2.802354855060824,2.802354855060824,High-error + high-uncertainty,Underprediction,-6 to < -4,8.107886270548493
F-951,-2.94,-5.734022810171739,2.7940228101717395,2.7940228101717395,2.7940228101717395,2,7.806563463759984,0.2026723167810626,0.2866219391093549,392.4840000000001,4.544800000000003,4,4,5,0.0952380952380952,2.794022810171739,2.794022810171739,High-error + high-uncertainty,Underprediction,-4 to < -2,6.805344730657833
B-3124,-11.481699999999998,-8.688705979098737,-2.7929940209012636,2.7929940209012636,2.874405835577253,3,7.800815600790208,0.7384833138254564,1.4702199728231138,409.31000000000006,8.159799999999999,3,3,0,0.0,2.7929940209012614,-2.7929940209012614,High-error + high-uncertainty,Overprediction,< -6,12.99737886411097
F-700,-2.13,-4.882890225758155,2.752890225758156,2.752890225758156,2.8138579038445,4,7.578404595074791,0.2513509895874938,0.5292415463395646,285.774,4.258500000000003,4,2,0,0.2941176470588235,2.752890225758155,2.752890225758155,High-error + high-uncertainty,Underprediction,-4 to < -2,7.302346870813233
A-6055,-6.4416841407000005,-3.6897953702927904,-2.7518887704072097,2.7518887704072097,2.699747874815595,3,7.572891804693304,0.2606684186382985,0.5134550407993652,276.493,4.107100000000004,0,0,9,1.0,2.75188877040721,-2.75188877040721,High-error + high-uncertainty,Overprediction,< -6,7.408451664252684
B-1953,-4.888999999999999,-2.151986645321632,-2.737013354678367,2.737013354678367,2.737013354678367,2,7.4912421036877275,0.1499998811355685,0.2121318662562732,239.323,1.5466999999999995,1,1,6,0.7272727272727273,2.7370133546783673,-2.7370133546783673,High-error + high-uncertainty,Overprediction,-6 to < -4,6.105426125896875
A-2761,-7.3271074817,-9.160455019488614,1.8333475377886141,2.7344319656656317,2.3628584939937456,3,3.3611631943155738,2.9560046776274733,5.840437403003151,424.7540000000004,9.931799999999996,0,0,25,0.9642857142857144,1.8333475377886144,1.8333475377886144,High-error + high-uncertainty,Underprediction,< -6,38.53715891976354
B-1423,-9.4464,-6.72454315636852,-2.7218568436314805,2.7218568436314805,2.776220102284751,3,7.408504677223526,0.3257747565258439,0.6447097612753234,212.42099999999996,6.097500000000006,0,0,12,1.0,2.721856843631481,-2.721856843631481,High-error + high-uncertainty,Overprediction,< -6,8.113078261866153
A-5000,-4.0572475801,-6.744455074662504,2.6872074945625037,2.6872074945625037,2.631357741064816,3,7.221084118832889,0.2085681979173785,0.4057649416013582,353.67900000000014,7.93760000000001,0,0,18,1.0,2.6872074945625037,2.6872074945625037,High-error + high-uncertainty,Underprediction,-6 to < -4,6.702894245821732
A-1352,-2.9027228224,-0.2259434526621699,-2.67677936973783,2.67677936973783,2.67677936973783,2,7.165147794254054,0.1866721308676831,0.2639942591901628,170.256,0.0705999999999997,2,0,1,1.0,2.67677936973783,-2.67677936973783,High-error + high-uncertainty,Overprediction,-4 to < -2,6.433132259086269
F-985,-5.32,-2.6539607300216357,-2.6660392699783646,2.6660392699783646,2.6660392699783646,2,7.107765389066771,0.1864715305526798,0.2637105675040687,317.32000000000005,1.3209999999999995,4,2,3,0.375,2.6660392699783646,-2.6660392699783646,High-error + high-uncertainty,Overprediction,-6 to < -4,6.413659527465673
A-2258,-6.6027992709,-3.940356264749161,-2.662443006150839,2.662443006150839,2.608157961629109,3,7.088602761001517,0.2757304216723372,0.5433861091031322,162.27599999999995,3.9334000000000033,1,1,2,0.5,2.6624430061508395,-2.6624430061508395,High-error + high-uncertainty,Overprediction,< -6,7.439698803693611
A-2259,-6.6027992709,-3.940356264749161,-2.662443006150839,2.662443006150839,2.608157961629109,3,7.088602761001517,0.2757304216723372,0.5433861091031322,162.27599999999995,3.9334000000000033,1,1,2,0.5,2.6624430061508395,-2.6624430061508395,High-error + high-uncertainty,Overprediction,< -6,7.439698803693611
A-5693,-6.6027992709,-3.940356264749161,-2.662443006150839,2.662443006150839,2.608157961629109,3,7.088602761001517,0.2757304216723372,0.5433861091031322,162.27599999999995,3.9334000000000033,1,1,2,0.5,2.6624430061508395,-2.6624430061508395,High-error + high-uncertainty,Overprediction,< -6,7.439698803693611
F-1010,-3.9599999999999995,-1.31651633872826,-2.64348366127174,2.64348366127174,2.741313548221825,3,6.988005867410642,0.1909139663843198,0.3421702937140705,199.25,0.8916,1,0,3,0.8,2.6434836612717394,-2.6434836612717394,High-error + high-uncertainty,Overprediction,-4 to < -2,6.428986184265636
F-851,-1.83,-4.466137946404591,2.6361379464045913,2.6361379464045913,2.654628968756782,3,6.949223272474216,0.1792563970466875,0.3570793606549545,302.3810000000001,3.384000000000002,4,3,1,0.1052631578947368,2.636137946404591,2.636137946404591,High-error + high-uncertainty,Underprediction,-2 to < 0,6.282498712483713
A-326,-1.4593774078,-4.075391455040843,2.6160140472408426,2.6160140472408426,2.643586629452976,3,6.843529495361413,0.6762967536538979,1.351750144864675,230.39199999999997,3.916200000000003,0,0,13,1.0,2.616014047240843,2.616014047240843,High-error + high-uncertainty,Underprediction,-2 to < 0,11.995867410300182
A-63,-3.8937390711,-6.503945991731767,2.610206920631767,2.610206920631767,2.610206920631767,2,6.813180168513972,0.2092275048511966,0.2958923749820448,344.502,6.115200000000006,2,2,11,0.25,2.6102069206317666,2.6102069206317666,High-error + high-uncertainty,Underprediction,-4 to < -2,6.587531468953724
C-1515,-6.33,-3.750310767278547,-2.579689232721453,2.579689232721453,2.579689232721453,2,6.654796537418998,0.4012429920314446,0.5674432811380288,296.332,2.1513400000000003,3,1,0,0.0,2.579689232721453,-2.579689232721453,High-error + high-uncertainty,Overprediction,< -6,8.758381441228597
B-993,0.6484,-1.9129647559541985,2.5613647559541985,2.5613647559541985,2.5613647559541985,2,6.560589413044311,0.2959714257795472,0.4185668044123376,204.273,0.8972,3,1,0,0.5833333333333334,2.5613647559541985,2.5613647559541985,High-error + high-uncertainty,Underprediction,>= 0,7.512233109405964
A-2474,-5.0625368604,-2.5042503615855156,-2.5582864988144842,2.5582864988144842,2.4692023130942826,3,6.544829810016472,0.1928803181709612,0.3535580463157792,346.46400000000006,1.931999999999999,1,0,13,0.9444444444444444,2.5582864988144842,-2.5582864988144842,High-error + high-uncertainty,Overprediction,-6 to < -4,6.315640668500602
B-2922,-3.3105,-5.854521236249806,2.544021236249805,2.544021236249805,2.544021236249805,2,6.472044050489986,0.2862339261171825,0.404795900326218,347.48000000000013,5.863000000000006,1,0,13,1.0,2.5440212362498054,2.5440212362498054,High-error + high-uncertainty,Underprediction,-4 to < -2,7.371972253070363
B-3430,-9.9799,-7.4437164395805935,-2.536183560419408,2.536183560419408,2.60432243684818,3,6.432227052141665,0.1600740999581233,0.2976006560252964,477.3450000000001,7.297300000000005,3,3,9,0.25,2.536183560419407,-2.536183560419407,High-error + high-uncertainty,Overprediction,< -6,5.90111658629048
F-712,-1.66,-4.188342628306263,2.5283426283062624,2.5283426283062624,2.5146110596349955,4,6.392516446110619,0.2014631602872165,0.4590101804555364,212.227,3.109300000000001,3,3,0,0.0,2.5283426283062624,2.5283426283062624,High-error + high-uncertainty,Underprediction,-2 to < 0,6.367027715253506
A-5282,-0.1977113735,-2.724682802051832,2.526971428551832,2.526971428551832,2.498817095348773,3,6.385584600717286,0.2754144902859242,0.5486661702743256,299.547,3.906900000000001,0,0,17,1.0,2.526971428551832,2.526971428551832,High-error + high-uncertainty,Underprediction,-2 to < 0,7.219673927799727
B-3281,-1.2891,-3.813599538314581,2.5244995383145814,2.5244995383145814,2.453683872317788,3,6.373097918950535,0.2082192356423508,0.3979653561734126,402.751,2.5050000000000003,0,0,1,0.0,2.524499538314581,2.524499538314581,High-error + high-uncertainty,Underprediction,-2 to < 0,6.438986073482438
A-5978,-8.2779665867,-5.7553363285775605,-2.52263025812244,2.52263025812244,2.619990142171344,3,6.3636634191948875,0.1923883939543864,0.3458559460922199,284.484,5.454400000000006,0,0,7,0.9444444444444444,2.5226302581224394,-2.5226302581224394,High-error + high-uncertainty,Overprediction,< -6,6.253004760737275
B-1867,-1.5687,-4.087692051587498,2.518992051587498,2.518992051587498,2.681394575335534,3,6.345320955960993,0.2893655043129677,0.505772519207992,222.26499999999996,3.8328000000000033,0,0,9,1.0,2.5189920515874986,2.5189920515874986,High-error + high-uncertainty,Underprediction,-2 to < 0,7.368195371060681
B-214,-2.2596,-4.7678513343574105,2.508251334357411,2.508251334357411,2.4330520774198723,3,6.291324756305733,0.1998626906963711,0.3779095074190373,260.336,3.970800000000003,3,3,3,0.0526315789473684,2.5082513343574107,2.5082513343574107,High-error + high-uncertainty,Underprediction,-4 to < -2,6.316437705633061
B-751,-1.9582,0.5398286663449591,-2.4980286663449593,2.4980286663449593,2.592739202358528,3,6.2401472178811765,0.2616504879509915,0.4969241939008761,254.27899999999997,-3.070399999999999,0,0,10,1.0,2.498028666344959,-2.498028666344959,High-error + high-uncertainty,Overprediction,-2 to < 0,7.014342827116163
C-2444,-5.08,-7.570986950604334,2.4909869506043343,2.4909869506043343,2.474708876922632,5,6.2050159880810805,0.2035614043533215,0.5121917205681523,416.1350000000001,6.454800000000002,3,3,6,0.1666666666666666,2.4909869506043343,2.4909869506043343,High-error + high-uncertainty,Underprediction,-6 to < -4,6.331618401405893
A-2484,-4.2206388586,-6.711125396767137,2.4904865381671377,2.4904865381671377,2.5801915514611524,3,6.202523196791734,0.1862553050928443,0.3385604620605837,332.40600000000006,5.7707600000000046,3,3,4,0.0,2.4904865381671373,2.4904865381671373,High-error + high-uncertainty,Underprediction,-6 to < -4,6.13077026328205
A-5529,-7.835715931,-5.3545264745654535,-2.4811894564345462,2.4811894564345462,2.4771486126912485,3,6.156301118721959,0.6402256578338343,1.2804321874041555,342.5200000000001,5.285800000000005,0,0,15,0.9,2.4811894564345467,-2.4811894564345467,High-error + high-uncertainty,Overprediction,< -6,11.363566064106223
F-716,-2.42,-4.893976544725165,2.4739765447251645,2.4739765447251645,2.4886560086518417,4,6.120559943850264,0.1707793655546095,0.3247672832319637,228.682,3.6236000000000015,3,3,0,0.0,2.473976544725165,2.473976544725165,High-error + high-uncertainty,Underprediction,-4 to < -2,5.925507525541135
B-1126,-7.3387,-4.866453935715853,-2.472246064284146,2.472246064284146,2.472246064284146,2,6.11200060236845,0.1776578225394514,0.2512461020969647,370.7750000000001,3.5920000000000023,1,0,0,1.0,2.472246064284147,-2.472246064284147,High-error + high-uncertainty,Overprediction,< -6,6.002254771193978
B-2429,-4.4603,-6.9193669656091465,2.459066965609146,2.459066965609146,2.459066965609146,2,6.047010341350172,0.1573492747307932,0.2225254783538579,375.1330000000001,5.409000000000001,3,3,1,0.0666666666666666,2.4590669656091464,2.4590669656091464,High-error + high-uncertainty,Underprediction,-6 to < -4,5.74644981612926
A-6026,-7.9318475776,-5.479428340009328,-2.452419237590673,2.452419237590673,2.635352232750765,3,6.014360116904817,0.4599589426157076,0.8636292453442689,256.42999999999995,5.106500000000005,0,0,12,0.9375,2.4524192375906724,-2.4524192375906724,High-error + high-uncertainty,Overprediction,< -6,9.23383173546953
B-1839,-3.4065999999999996,-5.851087758612363,2.4444877586123623,2.4444877586123623,2.458083825230553,3,5.975520402005691,0.2150747505429986,0.4295044053348853,331.519,4.948100000000002,1,1,5,0.2,2.4444877586123632,2.4444877586123632,High-error + high-uncertainty,Underprediction,-4 to < -2,6.39043857026987
B-668,-2.1209,-4.562535279895652,2.4416352798956518,2.4416352798956518,2.4918155570111864,3,5.9615828400311175,0.149618183868048,0.2863358572406129,264.217,3.898900000000002,2,2,5,0.0769230769230769,2.441635279895652,2.441635279895652,High-error + high-uncertainty,Underprediction,-4 to < -2,5.62924111302485
F-856,-1.15,-3.5868851525537355,2.4368851525537356,2.4368851525537356,2.3672606553081263,3,5.9384092467368434,0.3008035727977405,0.5893966794794747,239.322,2.3606,3,2,0,0.2666666666666666,2.4368851525537356,2.4368851525537356,High-error + high-uncertainty,Underprediction,-2 to < 0,7.369273351360798
A-3000,0.7779988658,-1.650262931124803,2.428261796924803,2.428261796924803,2.538274375974797,3,5.896455354404473,0.24261395711374,0.44624861467332,186.232,1.55014,1,1,1,0.25,2.428261796924803,2.428261796924803,High-error + high-uncertainty,Underprediction,>= 0,6.6828606624584275
B-3344,-3.0376,-5.463350691427595,2.4257506914275955,2.4257506914275955,2.431917762820613,3,5.884266416961458,0.179345181667228,0.3585312795842288,270.4,5.194400000000004,0,0,8,1.0,2.4257506914275955,2.4257506914275955,High-error + high-uncertainty,Underprediction,-4 to < -2,5.947498091204135
A-5450,-2.4949028287,-4.920002818670102,2.4250999899701022,2.4250999899701022,2.0947376994014317,3,5.88110996135299,0.57723523022924,1.0026885433582446,312.538,6.032800000000007,0,0,18,0.9,2.425099989970102,2.425099989970102,High-error + high-uncertainty,Underprediction,-4 to < -2,10.54584659822868
B-2803,0.4904,-1.9288701329238875,2.4192701329238875,2.4192701329238875,2.3571765612255526,3,5.852867976057564,0.1822382365155591,0.3482474184461885,323.286,-1.301999999999997,0,0,8,0.7272727272727273,2.4192701329238875,2.4192701329238875,High-error + high-uncertainty,Underprediction,>= 0,5.970589560056371
B-894,1.4942,-0.9194419486993614,2.4136419486993614,2.4136419486993614,2.1337538502999847,3,5.825667456521251,0.854912439320183,1.6396612676832627,32.046,-1.1812,0,0,0,0.0,2.4136419486993614,2.4136419486993614,High-error + high-uncertainty,Underprediction,>= 0,13.737340202507426
A-5465,-3.775990335,-6.188244144087117,2.4122538090871166,2.4122538090871166,2.3542260006394757,3,5.818968439455303,0.3945850295889708,0.7827437017588883,298.5109999999999,6.722600000000007,0,0,17,0.9473684210526316,2.4122538090871175,2.4122538090871175,High-error + high-uncertainty,Underprediction,-4 to < -2,8.413994103796107
F-754,-1.22,-3.6309531774449106,2.410953177444911,2.410953177444911,2.3682612381663652,4,5.812695223831712,0.1979524163419663,0.4246262015137474,249.741,3.0882000000000014,2,2,3,0.2857142857142857,2.4109531774449104,2.4109531774449104,High-error + high-uncertainty,Underprediction,-2 to < 0,6.138953045286627
B-2355,-0.0456,-2.4446795712267138,2.399079571226714,2.399079571226714,2.4173620903108057,4,5.755582789077353,0.1578070083147613,0.3735750390266679,173.171,1.933,2,2,1,0.0,2.399079571226714,2.399079571226714,High-error + high-uncertainty,Underprediction,-2 to < 0,5.655930122515535
A-5623,-7.721757870399999,-5.323357875521216,-2.3983999948787833,2.3983999948787833,2.3983999948787833,2,5.752322535434548,0.1841812920444415,0.260471681144649,395.202,4.581600000000002,2,2,6,0.125,2.3983999948787833,-2.3983999948787833,High-error + high-uncertainty,Overprediction,< -6,5.959716774711969
A-2624,-6.378367614400001,-4.009560680401395,-2.3688069339986058,2.3688069339986058,2.183833867634512,3,5.611246290559875,0.4060868520542446,0.7463116103913281,358.47500000000014,3.945300000000002,0,0,15,0.8421052631578947,2.3688069339986058,-2.3688069339986058,High-error + high-uncertainty,Overprediction,< -6,8.477556173118613
A-5854,-7.255740326000001,-4.888310482034852,-2.3674298439651484,2.3674298439651484,2.3623499963003276,4,5.604724066096847,0.16558193062098,0.4034987754361872,270.291,3.8919000000000015,5,3,0,0.0,2.367429843965149,-2.367429843965149,High-error + high-uncertainty,Overprediction,< -6,5.6952535001376665
A-2607,-5.6698930776,-3.3131716119377366,-2.3567214656622633,2.3567214656622633,2.425085122607052,3,5.554136066713286,0.7325367395757466,1.4602806341729204,140.286,-2.4172,13,0,0,0.0,2.3567214656622637,-2.3567214656622637,High-error + high-uncertainty,Overprediction,-6 to < -4,12.231832714245243
A-2270,-6.813503151,-4.4577709447224665,-2.3557322062775334,2.3557322062775334,2.29497251090653,3,5.549474227693215,0.1554118977015397,0.2924657416588205,195.265,3.8144000000000022,3,3,1,0.1428571428571428,2.3557322062775334,-2.3557322062775334,High-error + high-uncertainty,Overprediction,< -6,5.5590103058800135
F-845,-1.07,-3.415241948995307,2.3452419489953074,2.3452419489953074,2.3244938208874477,3,5.5001597993273075,0.2678023671394894,0.5343977703191838,254.337,2.15637,3,2,1,0.2666666666666666,2.345241948995307,2.345241948995307,High-error + high-uncertainty,Underprediction,-2 to < 0,6.8414268015681
A-5621,-7.905255356199999,-5.568427608168413,-2.3368277480315864,2.3368277480315864,2.0730242122006306,3,5.460763923970376,0.5880699826166443,1.0837565691926478,627.1190000000001,4.817300000000004,4,3,11,0.2333333333333333,2.3368277480315855,-2.3368277480315855,High-error + high-uncertainty,Overprediction,< -6,10.530103399647079
F-727,-1.68,-4.001472542880707,2.3214725428807075,2.3214725428807075,2.3812092545365138,4,5.389234767349018,0.1713719843069073,0.3719469893340545,301.43000000000006,3.7878000000000025,2,2,7,0.4736842105263157,2.3214725428807075,2.3214725428807075,High-error + high-uncertainty,Underprediction,-2 to < 0,5.68878108780197
B-1313,-2.3837,-4.702171418476311,2.318471418476311,2.318471418476311,2.183714603310375,4,5.375309718291558,0.3164071490837692,0.6722012060932103,290.31800000000004,3.594800000000002,3,2,2,0.0,2.318471418476311,2.318471418476311,High-error + high-uncertainty,Underprediction,-4 to < -2,7.360513631053012
B-1435,-1.0277,-3.3412674587582565,2.3135674587582558,2.3135674587582558,2.1917037992529758,5,5.3525943862251335,0.3361341251178198,0.739698580391138,213.192,1.9984,3,1,0,0.0,2.313567458758256,2.313567458758256,High-error + high-uncertainty,Underprediction,-2 to < 0,7.5807139883557255
C-2540,-6.95,-4.6400189731776145,-2.3099810268223866,2.3099810268223866,2.3099810268223866,2,5.336012344279408,0.163004319496432,0.2305229193572513,438.4440000000002,2.909300000000001,4,3,5,0.2857142857142857,2.3099810268223857,-2.3099810268223857,High-error + high-uncertainty,Overprediction,< -6,5.573701480984793
A-192,-5.593122621900001,-3.28522937183009,-2.307893250069911,2.307893250069911,2.241599487904488,3,5.326371253718257,0.5440313689249212,1.0819870298627232,313.482,4.6685000000000025,0,0,16,0.8888888888888888,2.307893250069911,-2.307893250069911,High-error + high-uncertainty,Overprediction,-6 to < -4,9.97482781917595
A-2453,-4.9504317948,-7.256968757892025,2.306536963092026,2.306536963092026,2.314040405623333,5,5.320112762109786,0.3891730419002065,0.8984365897344979,713.71,6.146200000000004,8,6,7,0.048780487804878,2.306536963092025,2.306536963092025,High-error + high-uncertainty,Underprediction,-6 to < -4,8.182585397626017
H-409,-2.84,-0.5356186691433448,-2.304381330856655,2.304381330856655,2.3927841999468984,3,5.31017331800069,0.2281610391078464,0.4298658363686614,44.097,1.4163,0,0,0,1.0,2.304381330856655,-2.304381330856655,High-error + high-uncertainty,Overprediction,-4 to < -2,6.3179332041292255
A-2268,-7.516526119400001,-5.213154233521953,-2.3033718858780476,2.3033718858780476,2.1272037698043462,3,5.305522044653394,0.4400726201083586,0.8255604329867507,328.4930000000001,5.183900000000006,0,0,16,0.8947368421052632,2.3033718858780476,-2.3033718858780476,High-error + high-uncertainty,Overprediction,< -6,8.765901022300337
F-982,-5.900000000000001,-3.6023745833217924,-2.2976254166782084,2.2976254166782084,2.26859293301641,3,5.279082555365711,0.1925518799108532,0.3818065616331085,240.262,2.743400000000001,2,2,3,0.0,2.297625416678209,-2.297625416678209,High-error + high-uncertainty,Overprediction,-6 to < -4,5.895520686503818
F-363,-5.09,-2.796393274521803,-2.2936067254781967,2.2936067254781967,2.2742813562281263,3,5.260631811158816,0.2195912479065689,0.4379050752602693,232.283,1.8551,2,2,4,0.3076923076923077,2.2936067254781967,-2.2936067254781967,High-error + high-uncertainty,Overprediction,-6 to < -4,6.20166216605075
B-2397,0.3322,-1.9545003668645105,2.28670036686451,2.28670036686451,2.496465884096584,3,5.228998567818285,0.4494964039384654,0.822303685967374,355.5750000000001,1.8040000000000005,0,0,18,0.8888888888888888,2.2867003668645105,2.2867003668645105,High-error + high-uncertainty,Underprediction,>= 0,8.848207260437302
A-4589,-2.3558504459000003,-4.64221517637059,2.2863647304705896,2.2863647304705896,2.28058209849735,3,5.227463680739852,0.2561232978942466,0.5121486682588232,408.4350000000002,2.853600000000001,4,3,4,0.0476190476190476,2.28636473047059,2.28636473047059,High-error + high-uncertainty,Underprediction,-4 to < -2,6.612385567303146
B-3016,-5.0774,-7.360350044533231,2.282950044533231,2.282950044533231,2.282950044533231,2,5.211860905834281,0.2857114633656847,0.4040570264172149,382.3960000000001,6.629000000000006,3,3,6,0.1818181818181818,2.282950044533231,2.282950044533231,High-error + high-uncertainty,Underprediction,-6 to < -4,6.948954435799416
A-5625,-7.7579945848,-5.477068031555599,-2.2809265532444005,2.2809265532444005,2.316914842060142,4,5.2026259412953815,0.331059038936412,0.7974511749533324,412.4080000000001,4.344000000000003,8,8,0,0.0,2.2809265532444005,-2.2809265532444005,High-error + high-uncertainty,Overprediction,< -6,7.469915317534473
I-93,-3.98,-6.258084783683903,2.278084783683903,2.278084783683903,2.3261117915953857,4,5.189670281652135,0.2531003750317032,0.5629096781677205,454.6110000000002,5.093080000000005,2,2,13,0.5185185185185185,2.278084783683903,2.278084783683903,High-error + high-uncertainty,Underprediction,-4 to < -2,6.564217670020444
A-5423,-5.982567027000001,-3.708828104595549,-2.2737389224044517,2.2737389224044517,2.158697817743497,3,5.169888687256957,0.3610224402075361,0.6940068025954629,330.46500000000015,3.6221000000000014,0,0,14,0.8888888888888888,2.2737389224044517,-2.2737389224044517,High-error + high-uncertainty,Overprediction,-6 to < -4,7.804795620290843
C-2460,-8.49,-6.225957033220503,-2.2640429667794972,2.2640429667794972,2.2640429667794972,2,5.125890555423708,0.2680178517054429,0.3790344808399384,371.52400000000017,5.996100000000007,3,3,8,0.2307692307692307,2.2640429667794972,-2.2640429667794972,High-error + high-uncertainty,Overprediction,< -6,6.714228058981325
C-1347,-2.83,-5.093518885481286,2.2635188854812864,2.2635188854812864,2.239970568073047,4,5.123517744930445,0.1922484710697224,0.4444030247174035,319.88,4.810600000000004,2,2,8,0.5,2.263518885481286,2.263518885481286,High-error + high-uncertainty,Underprediction,-4 to < -2,5.837539081172291
A-5526,-7.3971529944,-5.134700887481952,-2.2624521069180483,2.2624521069180483,2.3555826747833706,3,5.118689536097916,0.3267168280025444,0.6332105769705878,284.4839999999999,6.030800000000006,0,0,15,0.9444444444444444,2.2624521069180474,-2.2624521069180474,High-error + high-uncertainty,Overprediction,< -6,7.390214703316129
C-2572,-2.55,-4.80613386730746,2.2561338673074602,2.2561338673074602,2.295480269553397,3,5.090140027211716,0.1542291722105659,0.3008357228354512,461.7950000000001,2.711400000000002,3,3,6,0.0625,2.25613386730746,2.25613386730746,High-error + high-uncertainty,Underprediction,-4 to < -2,5.386261894583802
A-5895,-7.581973548400001,-5.334041596138339,-2.247931952261662,2.247931952261662,2.1627625545939884,3,5.053198061998926,0.1586239007868574,0.2808641819565682,454.4860000000002,3.605200000000001,4,3,7,0.0769230769230769,2.247931952261662,-2.247931952261662,High-error + high-uncertainty,Overprediction,< -6,5.423962555831647
B-1488,-3.875,-6.096036203734738,2.2210362037347378,2.2210362037347378,2.2152424691625123,3,4.933001818300416,0.1716802844917486,0.3432138957731618,262.43699999999995,5.284700000000005,1,1,0,0.6666666666666666,2.221036203734738,2.221036203734738,High-error + high-uncertainty,Underprediction,-4 to < -2,5.531929665003612
F-721,-1.84,-4.057783416638394,2.217783416638394,2.217783416638394,2.163873873918517,4,4.918563283116268,0.1720929216394361,0.392455868206393,239.234,2.878400000000001,3,3,1,0.0,2.217783416638394,2.217783416638394,High-error + high-uncertainty,Underprediction,-2 to < 0,5.531504225201097
C-1500,-10.6,-8.389979491473918,-2.210020508526082,2.210020508526082,2.0841420746250714,6,4.884190648105881,0.3729289798138862,0.989230884294412,445.771,8.7061,2,2,2,0.0,2.210020508526082,-2.210020508526082,High-error + high-uncertainty,Overprediction,< -6,7.840658640066714
A-2036,-5.7380720068,-7.946914932500125,2.208842925700124,2.208842925700124,2.2520694106010293,4,4.878987070415483,0.4059110754789904,0.9282836256119182,574.4620000000002,8.9764,5,5,12,0.0,2.2088429257001243,2.2088429257001243,High-error + high-uncertainty,Underprediction,-6 to < -4,8.220032517896998
B-2020,-3.5738,-5.776385835244955,2.2025858352449554,2.2025858352449554,2.1583174360703916,4,4.851384361621718,0.182623639869928,0.3885081260666156,374.8230000000001,4.736400000000003,4,3,4,0.0869565217391304,2.2025858352449554,2.2025858352449554,High-error + high-uncertainty,Underprediction,-4 to < -2,5.628960157658032
B-476,-7.959,-5.764123601767394,-2.1948763982326063,2.1948763982326063,2.281087268889224,3,4.817482403518539,0.1794962665413995,0.3264639277946166,218.384,5.369800000000005,1,1,9,0.625,2.194876398232606,-2.194876398232606,High-error + high-uncertainty,Overprediction,< -6,5.580496079492113
F-691,-3.09,-5.276594951109076,2.1865949511090763,2.1865949511090763,2.1865949511090763,2,4.781197480215704,0.3756892572624279,0.5313048428584004,287.4060000000001,4.697900000000004,4,2,0,0.238095238095238,2.1865949511090763,2.1865949511090763,High-error + high-uncertainty,Underprediction,-4 to < -2,7.835151013789053
F-963,-0.82,-3.00441031125372,2.18441031125372,2.18441031125372,2.111409700442152,3,4.771648407911574,0.2468696199548863,0.4772747316693961,313.39700000000005,1.8912,5,1,2,0.5789473684210527,2.1844103112537203,2.1844103112537203,High-error + high-uncertainty,Underprediction,-2 to < 0,6.34257834086301
B-2910,-3.4791000000000003,-5.6620692833522,2.1829692833522003,2.1829692833522003,2.1439603023136526,6,4.765354892059219,0.1507012335509668,0.3857483229909819,361.6590000000001,4.757500000000002,2,2,4,0.0714285714285714,2.1829692833522,2.1829692833522,High-error + high-uncertainty,Underprediction,-4 to < -2,5.228623663637248
A-2633,-6.327740788400001,-4.148858389049398,-2.178882399350603,2.178882399350603,2.283225287054412,3,4.747528510199841,0.3940836761288525,0.7671671659565549,276.493,4.395300000000004,0,0,13,1.0,2.178882399350603,-2.178882399350603,High-error + high-uncertainty,Overprediction,< -6,8.03546191580084
A-4559,-1.4489346424,-3.60664478237918,2.15771013997918,2.15771013997918,2.2100237746817317,4,4.655713048168972,0.1515522346424993,0.3333099599108977,302.515,2.3814,2,2,2,0.0,2.15771013997918,2.15771013997918,High-error + high-uncertainty,Underprediction,-2 to < 0,5.198117291833168
A-5785,-7.304443806799999,-5.149252610116117,-2.155191196683882,2.155191196683882,2.1945214959879262,3,4.644849094263703,0.2789299689610396,0.5536850124469588,501.9300000000002,3.8183000000000016,4,3,6,0.0384615384615384,2.155191196683882,-2.155191196683882,High-error + high-uncertainty,Overprediction,< -6,6.666509885190562
B-4203,-2.2797,-4.429574628378945,2.1498746283789445,2.1498746283789445,2.042340547714258,3,4.621960917747504,0.2069650053404671,0.3696583804394544,380.784,3.651200000000001,0,0,5,1.0,2.149874628378945,2.149874628378945,High-error + high-uncertainty,Underprediction,-4 to < -2,5.826143375204012
A-5930,-8.6670954079,-6.518537569713167,-2.148557838186833,2.148557838186833,2.3114250962108285,3,4.6163007840340775,0.3434383812533753,0.6262766606404799,696.926,6.172000000000007,2,2,12,0.6,2.148557838186833,-2.148557838186833,High-error + high-uncertainty,Overprediction,< -6,7.401596587984407
A-2177,-5.923156849500001,-3.7847729767738976,-2.138383872726103,2.138383872726103,2.138383872726103,2,4.572685587135086,0.4979121257041491,0.7041540810408251,184.323,3.916000000000003,1,0,9,1.0,2.138383872726103,-2.138383872726103,High-error + high-uncertainty,Overprediction,-6 to < -4,9.170977526933074
A-139,-4.909505216,-2.773356630987815,-2.136148585012185,2.136148585012185,2.209781043710455,3,4.56313077724956,0.2232347310206552,0.4278665254651264,162.38099999999997,2.6728000000000005,0,0,2,1.0,2.1361485850121853,-2.1361485850121853,High-error + high-uncertainty,Overprediction,-6 to < -4,5.992289359127598
A-1327,-3.1795029693,-5.312446402429332,2.132943433129332,2.132943433129332,2.132943433129332,2,4.549447688929541,0.1704366382036118,0.2410338052728242,336.231,4.5085000000000015,2,2,2,0.2,2.132943433129332,2.132943433129332,High-error + high-uncertainty,Underprediction,-4 to < -2,5.376853539989092
B-2815,-6.7697,-4.644917778906315,-2.124782221093685,2.124782221093685,1.8197094607155728,3,4.514699487075813,0.5355064111820582,0.9315901986894168,242.44699999999992,5.460000000000006,0,0,14,1.0,2.1247822210936853,-2.1247822210936853,High-error + high-uncertainty,Overprediction,< -6,9.583822245320853
A-1503,-3.6533405182,-1.5345991865852355,-2.118741331614764,2.118741331614764,2.252218200686484,3,4.489064830292704,0.265889815934103,0.478895973190752,88.22599999999998,1.9544,0,0,0,1.0,2.118741331614764,-2.118741331614764,High-error + high-uncertainty,Overprediction,-4 to < -2,6.457555863978037
F-906,-1.42,-3.530577245160972,2.110577245160972,2.110577245160972,2.1330292429515008,3,4.454536307791278,0.161365788855986,0.3203800784039186,382.5070000000001,2.4199,2,2,7,0.3529411764705882,2.110577245160972,2.110577245160972,High-error + high-uncertainty,Underprediction,-2 to < 0,5.236276670966908
C-334,-2.32,-4.426174027560722,2.106174027560723,2.106174027560723,2.080774440364884,3,4.4359690343713565,0.1619687853888405,0.3209363374131824,350.50300000000016,3.7680000000000025,4,0,9,0.9,2.1061740275607224,2.1061740275607224,High-error + high-uncertainty,Underprediction,-4 to < -2,5.23621423193941
D-1648,0.363,-1.7401712276067314,2.103171227606731,2.103171227606731,2.103171227606731,2,4.423329212632804,0.256152854606112,0.3622548410245472,190.246,0.5549999999999999,3,1,0,0.5454545454545454,2.1031712276067314,2.1031712276067314,High-error + high-uncertainty,Underprediction,>= 0,6.320133699680641
B-4428,-10.9486,-8.845634106106058,-2.102965893893942,2.102965893893942,2.050757114893722,4,4.422465550881148,0.7367777369918813,1.6400857956810508,390.86400000000015,7.505000000000001,3,2,0,0.0,2.102965893893943,-2.102965893893943,High-error + high-uncertainty,Overprediction,< -6,11.875562231716629
F-544,-3.84,-1.7377422526646942,-2.102257747335306,2.102257747335306,2.102246956252355,3,4.419487636231315,0.1782539212715211,0.3565078420530918,173.17100000000002,0.7516,2,1,0,0.0,2.1022577473353055,-2.1022577473353055,High-error + high-uncertainty,Overprediction,-4 to < -2,5.418206334999401
E-866,-0.17,-2.271496445387329,2.1014964453873293,2.1014964453873293,2.1014964453873293,2,4.41628730997558,0.8012599483713563,1.133152685973138,254.246,-2.213099999999999,2,2,3,0.5,2.1014964453873293,2.1014964453873293,High-error + high-uncertainty,Underprediction,-2 to < 0,12.618593775159962
C-1094,-3.81,-5.910997683357057,2.100997683357057,2.100997683357057,2.121834355080487,3,4.414191265471721,0.1617446379260438,0.3214697667367465,286.459,5.510300000000005,1,0,5,0.5,2.100997683357057,2.100997683357057,High-error + high-uncertainty,Underprediction,-4 to < -2,5.225355643509656
E-886,0.36,-1.7401712276067314,2.1001712276067313,2.1001712276067313,2.1001712276067313,2,4.4107191852671646,0.256152854606112,0.3622548410245472,190.246,0.5549999999999997,3,1,0,0.5454545454545454,2.1001712276067313,2.1001712276067313,High-error + high-uncertainty,Underprediction,>= 0,6.315342151036034
B-2832,-11.4795,-9.38044863165818,-2.099051368341821,2.099051368341821,1.9900375674006012,4,4.406016646937671,0.984110333522699,2.1220486855347787,425.3090000000002,8.1584,3,2,0,0.0,2.0990513683418204,-2.0990513683418204,High-error + high-uncertainty,Overprediction,< -6,14.728337355868483
C-2502,-1.27,-3.350750740430286,2.080750740430286,2.080750740430286,2.141451992955273,3,4.329523643801184,0.2879435797787221,0.5662085255176175,370.39400000000006,1.5149,3,3,5,0.0,2.080750740430286,2.080750740430286,High-error + high-uncertainty,Underprediction,-2 to < 0,6.651807193652113
A-5712,-5.968106766699999,-3.892700300994686,-2.075406465705313,2.075406465705313,2.075406465705313,2,4.307311997891419,0.184223558496144,0.2605314549338802,349.656,2.4972000000000003,2,2,4,0.1818181818181818,2.075406465705313,-2.075406465705313,High-error + high-uncertainty,Overprediction,-6 to < -4,5.4443256157573785
A-2145,-5.9980085438,-3.9254467823614196,-2.0725617614385805,2.0725617614385805,2.104665143327249,4,4.295512254977392,0.1952192484049157,0.468170928180291,358.3530000000001,2.1362,4,2,4,0.0476190476190476,2.0725617614385805,-2.0725617614385805,High-error + high-uncertainty,Overprediction,-6 to < -4,5.566886166247617
B-4424,-12.0605,-9.98878443404161,-2.0717155659583883,2.0717155659583883,1.6368026194759595,4,4.292005386234285,1.1644847819540602,2.487200867633936,459.75400000000025,8.8118,3,2,0,0.0,2.071715565958389,-2.071715565958389,High-error + high-uncertainty,Overprediction,< -6,16.769705443911885
A-1490,1.5823133383,-0.487803350401436,2.0701166887014364,2.0701166887014364,2.0701166887014364,2,4.2853831048402,0.4616059152593053,0.6528093458313552,500.65800000000047,0.7696000000000052,1,0,27,1.0,2.070116688701436,2.070116688701436,High-error + high-uncertainty,Underprediction,>= 0,8.642262737114931
F-711,-2.12,-4.188342628306263,2.068342628306262,2.068342628306262,2.0546110596349956,4,4.278041228068856,0.2014631602872165,0.4590101804555364,212.227,3.109300000000001,3,3,0,0.0,2.0683426283062625,2.0683426283062625,High-error + high-uncertainty,Underprediction,-4 to < -2,5.632323589747063
C-991,-1.27,-3.3351406430192156,2.065140643019216,2.065140643019216,2.021380074370845,3,4.264805875449821,0.1814077611017725,0.3548100069706952,733.9370000000001,1.785600000000004,3,0,7,0.945945945945946,2.0651406430192156,2.0651406430192156,High-error + high-uncertainty,Underprediction,-2 to < 0,5.395380166765731
F-707,-2.39,-4.443270127046764,2.0532701270467637,2.0532701270467637,2.0843187243241026,4,4.215918214622633,0.2098135336536866,0.4419050007170177,208.26400000000004,3.27862,3,3,0,0.0714285714285714,2.053270127046764,2.053270127046764,High-error + high-uncertainty,Underprediction,-4 to < -2,5.704775723358059
B-1425,-8.3339,-6.281185456536559,-2.052714543463441,2.052714543463441,2.263927285626531,3,4.213636996946322,0.4174592054210219,0.7505040209131781,366.7180000000002,10.388599999999991,0,0,23,1.0,2.0527145434634413,-2.0527145434634413,High-error + high-uncertainty,Overprediction,< -6,8.104156901628343
C-2291,-5.0,-2.9508849646091613,-2.0491150353908387,2.0491150353908387,2.0296161670323185,3,4.1988724282647985,0.2350541306088124,0.4688935483276242,256.26500000000004,0.6273,3,3,1,0.1538461538461538,2.0491150353908387,-2.0491150353908387,High-error + high-uncertainty,Overprediction,-6 to < -4,5.989906553040123
A-5354,0.6303241084000001,-1.4129335719146516,2.043257680314652,2.043257680314652,2.032585660078327,3,4.174901948164812,0.1915165318035579,0.3825867898509818,234.248,0.1457999999999994,0,0,9,0.8,2.043257680314652,2.043257680314652,High-error + high-uncertainty,Underprediction,>= 0,5.477280843741499
B-1810,-4.5916,-2.5503503834710695,-2.0412496165289307,2.0412496165289307,2.1181295709312797,3,4.166699996979506,0.1865573577715144,0.348544127461694,234.29899999999995,1.5305,3,1,1,0.6923076923076923,2.04124961652893,-2.04124961652893,High-error + high-uncertainty,Overprediction,-6 to < -4,5.4167483033587
C-183,-3.46,-1.4210469075654575,-2.038953092434542,2.038953092434542,2.038953092434542,2,4.157329713148382,0.1514476086061529,0.2141792620797937,212.27399999999997,0.4677999999999995,2,0,0,0.6666666666666666,2.0389530924345425,-2.0389530924345425,High-error + high-uncertainty,Overprediction,-4 to < -2,5.007231149608822
A-2644,-6.3846168146,-4.349103914923075,-2.035512899676925,2.035512899676925,2.039500970947067,3,4.143312764751164,0.381571844951529,0.7631124276942995,242.44699999999992,5.724000000000006,0,0,14,1.0,2.0355128996769256,-2.0355128996769256,High-error + high-uncertainty,Overprediction,< -6,7.661844791414418
A-2802,-9.1518109699,-7.122521682012563,-2.0292892878874373,2.0292892878874373,2.0292892878874373,2,4.118015013934703,0.181628548774857,0.256861556991546,425.5320000000001,6.537300000000006,4,4,9,0.2222222222222222,2.029289287887437,-2.029289287887437,High-error + high-uncertainty,Overprediction,< -6,5.340671178846568
A-1553,-4.3767049743,-6.399596247255857,2.022891272955857,2.022891272955857,1.7694121807715604,3,4.092089102200967,1.2760086513930715,2.513968449125035,430.907,4.682900000000003,0,0,12,1.0,2.0228912729558575,2.0228912729558575,High-error + high-uncertainty,Underprediction,-6 to < -4,17.980878059674716
B-2383,-2.5094,-4.523832842183146,2.0144328421831457,2.0144328421831457,2.0603204714032297,3,4.057939675666066,0.2595984363428801,0.5130773519269329,242.34599999999995,4.417400000000004,0,0,8,1.0,2.014432842183146,2.014432842183146,High-error + high-uncertainty,Underprediction,-4 to < -2,6.21823127921524
A-542,-4.788985440799999,-6.794313206822475,2.005327766022475,2.005327766022475,1.9418512042127127,3,4.02133944918069,0.340217840685303,0.6714945232723162,393.7000000000002,8.452700000000007,0,0,21,0.8846153846153846,2.005327766022476,2.005327766022476,High-error + high-uncertainty,Underprediction,-6 to < -4,7.13560430975625
A-2016,-5.517335043099999,-7.519898875048105,2.0025638319481054,2.0025638319481054,2.0152725425659397,4,4.01026190102668,0.3109041239970756,0.647413720149677,424.5460000000001,6.764400000000005,5,4,4,0.0,2.0025638319481054,2.0025638319481054,High-error + high-uncertainty,Underprediction,-6 to < -4,6.792339530528714
B-2362,-3.6693,-5.670318109162329,2.001018109162329,2.001018109162329,1.9108756208787807,4,4.004073473195583,0.2125306078796812,0.4537863951472198,420.32200000000006,4.534700000000004,3,2,6,0.3809523809523809,2.001018109162329,2.001018109162329,High-error + high-uncertainty,Underprediction,-4 to < -2,5.652727562648197
H-245,-10.66,-8.65934801706546,-2.000651982934541,2.000651982934541,2.083841867209136,3,4.00260835681991,0.7534283243334035,1.499951762255873,374.86500000000007,7.5064,3,3,0,0.0,2.0006519829345404,-2.0006519829345404,High-error + high-uncertainty,Overprediction,< -6,11.904619739114532
A-2274,-7.060548154299998,-5.069397060290245,-1.9911510940097548,1.9911510940097548,1.9285072795192288,3,3.964682679176243,0.1789910388421948,0.3411428226732349,310.39300000000003,4.448400000000004,2,2,5,0.3,1.9911510940097532,-1.9911510940097532,High-error + high-uncertainty,Overprediction,< -6,5.249269359677108
B-2577,-1.4757,-3.462258370929405,1.986558370929405,1.986558370929405,2.261167442969028,3,3.9464141611096917,0.5357214320954936,0.9600830088520458,224.237,3.3743000000000025,0,0,9,1.0,1.9865583709294048,1.9865583709294048,High-error + high-uncertainty,Underprediction,-2 to < 0,9.365539000259556
F-849,-1.21,-3.1950096639213132,1.9850096639213133,1.9850096639213133,2.002069321917924,3,3.940263365861005,0.1652014815256833,0.3290790515973918,257.293,1.8679,3,2,1,0.2142857142857142,1.9850096639213133,1.9850096639213133,High-error + high-uncertainty,Underprediction,-2 to < 0,5.080060754946866
G-882,-3.931,-5.915836462785634,1.9848364627856339,1.9848364627856339,1.9848364627856339,2,3.9395757840033867,0.2300494903223329,0.3253391092308613,511.5810000000002,4.289400000000002,7,4,5,0.1515151515151515,1.9848364627856343,1.9848364627856343,High-error + high-uncertainty,Underprediction,-4 to < -2,5.829391057317227
H-517,-10.55,-8.56830875901081,-1.9816912409891911,1.9816912409891911,2.025814511370168,6,3.9271001746132805,0.2397807674557057,0.6162843773394968,480.2160000000002,9.3595,2,2,2,0.0,1.981691240989191,-1.981691240989191,High-error + high-uncertainty,Overprediction,< -6,5.936855717487094
B-3256,-8.5758,-6.59869885458964,-1.9771011454103593,1.9771011454103593,2.011745286670957,3,3.908928939182955,0.2186029047089515,0.4330684359517684,376.496,6.372000000000007,3,3,9,0.28,1.9771011454103595,-1.9771011454103595,High-error + high-uncertainty,Overprediction,< -6,5.684720173656851
B-4405,-3.0647,-1.0988597587185385,-1.9658402412814617,1.9658402412814617,2.0428732043719577,3,3.8645278542415555,0.1881447390749675,0.3518402182224844,104.458,1.745,0,0,0,1.0,1.9658402412814617,-1.9658402412814617,High-error + high-uncertainty,Overprediction,-4 to < -2,5.314654985636377
B-2294,-1.4995,-3.462258370929405,1.9627583709294047,1.9627583709294047,2.237367442969028,3,3.852420422653451,0.5357214320954936,0.9600830088520458,224.23699999999997,3.3743000000000025,0,0,9,1.0,1.9627583709294047,1.9627583709294047,High-error + high-uncertainty,Underprediction,-2 to < 0,9.327526047679005
C-1001,-2.2,-4.160611162905603,1.9606111629056029,1.9606111629056029,1.923490783660436,3,3.8439961321100604,0.291248185485562,0.5789371766682585,747.964,2.4397000000000046,3,0,8,0.9473684210526316,1.9606111629056029,1.9606111629056029,High-error + high-uncertainty,Underprediction,-4 to < -2,6.498121722157849
A-1556,-4.037430925,-2.079734242666942,-1.9576966823330577,1.9576966823330577,1.9269084835882253,3,3.832576300017861,0.1493820087417782,0.2939663222157616,196.202,1.5012399999999997,1,1,1,0.3,1.957696682333058,-1.957696682333058,High-error + high-uncertainty,Overprediction,-6 to < -4,4.853572616100502
B-1266,-5.756800000000001,-3.806354403068601,-1.9504455969313994,1.9504455969313994,1.8386354515593228,3,3.804238026589083,0.3819613585102648,0.738967788036565,114.232,3.2227000000000023,0,0,2,1.0,1.9504455969314,-1.9504455969314,High-error + high-uncertainty,Overprediction,-6 to < -4,7.530479311920736
B-965,-1.6135,0.33631046057414515,-1.9498104605741453,1.9498104605741453,1.922888902349194,3,3.801760832164361,0.2102693321799277,0.4179455195713824,73.099,-1.1103999999999996,0,0,0,0.5,1.949810460574145,-1.949810460574145,High-error + high-uncertainty,Overprediction,-2 to < 0,5.544800492748692
B-4427,-7.8292,-5.894004155983254,-1.9351958440167467,1.9351958440167467,2.034495202483543,4,3.744982954699689,0.2962581743375898,0.6585414345808314,253.084,4.891400000000002,3,2,0,0.0,1.9351958440167465,-1.9351958440167465,High-error + high-uncertainty,Overprediction,< -6,6.5154414962528735
F-758,-1.3,-3.22917455530688,1.92917455530688,1.92917455530688,1.8032698677466863,3,3.7217144648434983,0.2220073863487741,0.3867727334298085,341.4070000000001,2.0719,5,1,2,0.55,1.92917455530688,1.92917455530688,High-error + high-uncertainty,Underprediction,-2 to < 0,5.6475265597660504
A-5929,-8.4645677849,-6.540013528854234,-1.9245542560457656,1.9245542560457656,1.861869641100232,3,3.70390908446387,0.2610863812207154,0.5107605221462457,466.3240000000001,5.423000000000003,4,3,5,0.0416666666666666,1.9245542560457656,-1.9245542560457656,High-error + high-uncertainty,Overprediction,< -6,6.0918785557413
C-2345,-5.849999999999999,-3.926453350360594,-1.9235466496394065,1.9235466496394065,1.9164488168124008,3,3.7000317133389857,0.2755920251866843,0.5510469305725891,356.4700000000002,2.7840000000000007,6,2,5,0.75,1.923546649639405,-1.923546649639405,High-error + high-uncertainty,Overprediction,-6 to < -4,6.2579464053972425
B-1047,-1.5412,-3.462258370929405,1.921058370929405,1.921058370929405,2.195667442969028,3,3.690465264517939,0.5357214320954936,0.9600830088520458,224.23699999999997,3.3743000000000025,0,0,9,1.0,1.921058370929405,1.921058370929405,High-error + high-uncertainty,Underprediction,-2 to < 0,9.260923521518965
A-3195,-1.4062217243,-3.3227852387580525,1.9165635144580528,1.9165635144580528,2.104159749741446,3,3.673215704951803,0.3668970333927407,0.6579336516489098,218.11999999999995,-0.5045999999999998,3,3,0,0.0,1.9165635144580526,1.9165635144580526,High-error + high-uncertainty,Underprediction,-2 to < 0,7.302228204872067
A-6081,-8.5296561698,-6.613766505803425,-1.9158896639965761,1.9158896639965761,1.8262754334226687,3,3.6706332046089134,0.1574373828815663,0.2739598276213639,338.576,7.367200000000008,0,0,18,0.8636363636363636,1.915889663996576,-1.915889663996576,High-error + high-uncertainty,Overprediction,< -6,4.879914809603364
B-2700,-5.2239,-7.137222713536509,1.9133227135365085,1.9133227135365085,1.9133227135365085,2,3.6608038061347083,0.6012611609973594,0.8503116884106587,368.369,6.454900000000006,3,3,7,0.1428571428571428,1.913322713536509,1.913322713536509,High-error + high-uncertainty,Underprediction,-6 to < -4,10.006171098140195
A-4285,-1.0872511921,-2.9963104659498114,1.9090592738498113,1.9090592738498113,1.9632237519184468,3,3.644507311071969,0.1495829782058979,0.284075513591794,210.20999999999995,2.720200000000001,0,0,8,1.0,1.9090592738498113,1.9090592738498113,High-error + high-uncertainty,Underprediction,-2 to < 0,4.7782128751661865
C-1690,-4.59,-2.682645682592561,-1.9073543174074392,1.9073543174074392,1.9073543174074392,2,3.6380004921327984,0.4663309996850363,0.6594916243095819,252.31399999999996,1.8633,2,0,0,0.7692307692307693,1.9073543174074388,-1.9073543174074388,High-error + high-uncertainty,Overprediction,-6 to < -4,8.43692081347373
B-3179,-0.0384,-1.945642137391723,1.9072421373917228,1.9072421373917228,1.678077561834226,3,3.637572570642547,0.5669231071160965,1.0621007623843104,131.091,-2.2128,0,0,2,0.0,1.907242137391723,1.907242137391723,High-error + high-uncertainty,Underprediction,-2 to < 0,9.599530489773935
A-1942,-4.5666142382,-6.471093081801473,1.904478843601473,1.904478843601473,1.9976901193879453,3,3.627039665725604,0.3377309388313842,0.6558839244671937,368.6500000000001,6.315800000000007,0,0,20,0.9565217391304348,1.9044788436014732,1.9044788436014732,High-error + high-uncertainty,Underprediction,-6 to < -4,6.945782934144317
C-2244,-7.75,-5.848230521733554,-1.9017694782664458,1.9017694782664458,1.8844878766020399,4,3.6167271484658294,0.1583525081231039,0.320466795975884,402.5340000000001,5.357200000000005,5,1,2,0.5555555555555556,1.9017694782664458,-1.9017694782664458,High-error + high-uncertainty,Overprediction,< -6,4.867940629795641
B-2293,-1.8456,-3.742269687962835,1.8966696879628346,1.8966696879628346,1.9529564209945915,3,3.5973559052370363,0.4366657596477446,0.8678728902603208,238.26399999999992,3.764400000000003,0,0,10,1.0,1.896669687962835,1.896669687962835,High-error + high-uncertainty,Underprediction,-2 to < 0,8.076941820668246
A-2262,-6.806908840999999,-4.911004434413555,-1.8959044065864459,1.8959044065864459,2.0601124564046644,3,3.5944535189139035,0.5065754161974402,0.9724102829089842,256.42999999999995,5.552300000000005,0,0,14,0.9375,1.8959044065864443,-1.8959044065864443,High-error + high-uncertainty,Overprediction,< -6,8.883836297148164
A-3146,0.7924026819,-1.1029749073483635,1.8953775892483637,1.8953775892483637,1.5762142165540394,3,3.592456205824939,0.9445890389922288,1.806487762186116,140.19,-1.0197999999999992,4,0,0,1.0,1.8953775892483633,1.8953775892483633,High-error + high-uncertainty,Underprediction,>= 0,13.946188885417428
A-2658,-6.6281415672,-8.053615474726216,1.425473907526218,1.87596086714352,1.8609797863864816,3,2.0319758610380645,1.9208431045736492,3.7669028150440766,424.7580000000002,7.876200000000009,0,0,24,0.9629629629629628,1.4254739075262162,1.4254739075262162,High-error + high-uncertainty,Underprediction,< -6,25.200131181609457
B-655,-8.1724,-6.299993566017889,-1.8724064339821105,1.8724064339821105,1.5261096704545922,3,3.5059058540176036,0.743313444992449,1.3602555512613312,282.5559999999999,8.048000000000007,0,0,17,1.0,1.8724064339821105,-1.8724064339821105,High-error + high-uncertainty,Overprediction,< -6,11.582865760816432
F-1128,-3.02,-1.1491430199485015,-1.8708569800514987,1.8708569800514987,1.9212022191501414,4,3.500105839807414,0.2038761340630966,0.4579955770992691,220.181,1.1042999999999998,1,0,4,1.0,1.8708569800514985,-1.8708569800514985,High-error + high-uncertainty,Overprediction,-4 to < -2,5.34479552861576
B-2382,-6.663700000000001,-4.795662366213143,-1.8680376337868578,1.8680376337868578,1.7359511690637603,3,3.4895646012440027,0.2538608398277414,0.4532557793377227,461.02200000000016,3.4106000000000014,2,1,5,0.0,1.8680376337868587,-1.8680376337868587,High-error + high-uncertainty,Overprediction,< -6,5.918087931924144
B-1559,-1.6533,-3.5173639281309512,1.8640639281309512,1.8640639281309512,1.9022735972811284,3,3.474734328158992,0.1931400246212899,0.3805684432439871,225.041,2.5555000000000003,2,2,0,0.0,1.8640639281309512,1.8640639281309512,High-error + high-uncertainty,Underprediction,-2 to < 0,5.209842324838439
A-5901,-7.484220297999999,-5.623962143136732,-1.860258154863267,1.860258154863267,1.7438014782005151,3,3.460560402735287,0.5696070467570261,1.1212146441440396,338.48800000000006,5.126000000000005,0,0,15,0.7,1.860258154863267,-1.860258154863267,High-error + high-uncertainty,Overprediction,< -6,9.555513327568304
A-1232,-4.1492593891,-6.00931217354302,1.860052784443021,1.860052784443021,1.6868308597761024,3,3.4597963609142357,0.3838542117073198,0.7066531807229461,366.63400000000007,6.091800000000006,0,0,19,0.8695652173913043,1.8600527844430204,1.8600527844430204,High-error + high-uncertainty,Underprediction,-6 to < -4,7.407985790025735
F-1057,-6.5,-4.643745050789912,-1.856254949210088,1.856254949210088,1.91647013403727,4,3.4456824364669463,0.1643293108428094,0.3491921619889115,286.371,4.293600000000003,2,2,3,0.3888888888888889,1.8562549492100882,-1.8562549492100882,High-error + high-uncertainty,Overprediction,< -6,4.864334120390614
A-6088,-8.848512616699999,-6.996893456148895,-1.8516191605511039,1.8516191605511039,1.8516191605511039,2,3.4284935157199747,0.6149091001168298,0.8696127890118559,570.7700000000002,8.852300000000003,4,3,3,0.4594594594594595,1.8516191605511043,-1.8516191605511043,High-error + high-uncertainty,Overprediction,< -6,10.065381829666753
A-6042,-7.214642713,-5.370398420772217,-1.8442442922277829,1.8442442922277829,1.8442442922277829,2,3.4012370094147557,0.9992975948400006,1.4132202114695431,306.5379999999999,6.823600000000007,1,1,16,0.85,1.844244292227783,-1.844244292227783,High-error + high-uncertainty,Overprediction,< -6,14.496920154872399
C-2507,-1.23,-3.0728926501241887,1.8428926501241882,1.8428926501241882,1.9305549175574384,3,3.3962533198817537,0.1615108410806458,0.2851122371132017,434.2830000000001,-1.6983999999999997,1,1,6,0.2,1.8428926501241887,1.8428926501241887,High-error + high-uncertainty,Underprediction,-2 to < 0,4.8104121412138685
F-240,-4.57,-6.403654042237892,1.8336540422378917,1.8336540422378917,1.8019358057444768,3,3.36228714661536,0.2162954083669411,0.4290881904034771,370.5740000000002,6.354200000000008,0,0,19,0.9090909090909092,1.8336540422378915,1.8336540422378915,High-error + high-uncertainty,Underprediction,-6 to < -4,5.42893554096015
F-1138,-1.24,-3.073322387370841,1.8333223873708406,1.8333223873708406,1.8333223873708406,2,3.3610709760351187,0.2290063657872384,0.3238639083660866,362.4700000000002,2.078,2,1,10,0.6,1.8333223873708409,1.8333223873708409,High-error + high-uncertainty,Underprediction,-2 to < 0,5.575337429942683
A-4534,1.3463919758000003,-0.48604722713069454,1.8324392029306946,1.8324392029306946,1.5520111152401384,3,3.3578334324372796,0.7345260261121638,1.386432181914125,45.041,-0.8985000000000001,0,0,0,0.0,1.8324392029306948,1.8324392029306948,High-error + high-uncertainty,Underprediction,>= 0,11.417453105743919
C-1524,-6.33,-4.499482611901632,-1.830517388098368,1.830517388098368,1.830517388098368,2,3.3507939081304716,0.2883017581498188,0.4077202564314817,853.9180000000001,3.735700000000003,7,3,10,0.4468085106382978,1.830517388098368,-1.830517388098368,High-error + high-uncertainty,Overprediction,< -6,6.256279109796556
A-5310,0.8470942954,-0.9828398458477572,1.8299341412477572,1.8299341412477572,1.8299341412477572,2,3.348658961304167,0.6232691034266463,0.8814356190740825,142.202,-1.0214999999999987,3,0,1,1.0,1.8299341412477572,1.8299341412477572,High-error + high-uncertainty,Underprediction,>= 0,10.127383879446601
C-1604,-2.93,-1.1004287436937545,-1.8295712563062454,1.8295712563062454,1.8044408582792335,3,3.347330981902013,0.1622336867520946,0.3215345483050288,170.16400000000002,0.8821000000000001,1,0,2,0.5,1.8295712563062456,-1.8295712563062456,High-error + high-uncertainty,Overprediction,-4 to < -2,4.797491133221579
F-742,-4.63,-6.45870433890843,1.8287043389084303,1.8287043389084303,1.8287043389084303,2,3.3441595591425193,0.4453003722974489,0.6297498258328407,390.9580000000002,5.555620000000006,4,3,5,0.28,1.8287043389084303,1.8287043389084303,High-error + high-uncertainty,Underprediction,-6 to < -4,8.068200051346796
F-1178,-3.22,-5.045651413958483,1.8256514139584827,1.8256514139584827,1.8256514139584827,2,3.3330030852886074,0.1494743291229273,0.2113886234722635,402.2480000000001,3.922100000000003,4,3,4,0.2222222222222222,1.8256514139584827,1.8256514139584827,High-error + high-uncertainty,Underprediction,-4 to < -2,4.643739346155115
B-30,-4.2773,-6.101620998579099,1.824320998579099,1.824320998579099,1.8261169736067275,4,3.3281471058566408,0.2145141057248827,0.4272874955457171,416.58300000000025,4.852300000000005,5,0,1,0.7916666666666666,1.8243209985790987,1.8243209985790987,High-error + high-uncertainty,Underprediction,-6 to < -4,5.393438094981355
E-405,-4.28,-6.101620998579099,1.821620998579099,1.821620998579099,1.8234169736067276,4,3.318303062464314,0.2145141057248827,0.4272874955457171,416.5830000000002,4.852300000000005,5,0,1,0.7916666666666666,1.8216209985790988,1.8216209985790988,High-error + high-uncertainty,Underprediction,-6 to < -4,5.389125701201209
C-2473,-1.29,-3.1102480718061587,1.8202480718061582,1.8202480718061582,1.8473279075422075,5,3.313303042914037,0.1872102112836787,0.4804621594399116,409.4890000000001,0.4849000000000003,2,2,7,0.1764705882352941,1.8202480718061587,1.8202480718061587,High-error + high-uncertainty,Underprediction,-2 to < 0,5.071315043049907
B-961,-1.9657,-3.7696176017485765,1.8039176017485765,1.8039176017485765,1.8039176017485765,2,3.254118713898336,0.2532290795735524,0.3581199987201735,226.231,1.9875000000000005,3,2,1,0.0714285714285714,1.8039176017485765,1.8039176017485765,High-error + high-uncertainty,Underprediction,-2 to < 0,5.808373717011319
C-1417,-4.52,-6.317091458105885,1.7970914581058859,1.7970914581058859,1.8074761006254647,3,3.229537708797139,0.1878685584222161,0.3753063529622009,365.96400000000006,5.601500000000002,1,1,5,0.2,1.7970914581058857,1.7970914581058857,High-error + high-uncertainty,Underprediction,-6 to < -4,5.04193982303614
F-291,-4.52,-6.317091458105885,1.7970914581058859,1.7970914581058859,1.8074761006254647,3,3.229537708797139,0.1878685584222161,0.3753063529622009,365.96400000000006,5.601500000000002,1,1,5,0.2,1.7970914581058857,1.7970914581058857,High-error + high-uncertainty,Underprediction,-6 to < -4,5.04193982303614
B-2614,-4.5221,-6.317091458105885,1.794991458105886,1.794991458105886,1.8053761006254645,3,3.221994334673094,0.1878685584222161,0.3753063529622009,365.96400000000006,5.6015000000000015,1,1,5,0.2,1.7949914581058852,1.7949914581058852,High-error + high-uncertainty,Underprediction,-6 to < -4,5.0385857389849145
B-553,-2.8997000000000006,-1.1070044480133963,-1.792695551986604,1.792695551986604,1.9075106433998883,3,3.2137573421125545,0.3008984167184768,0.5679893600112785,176.212,1.4504,1,0,0,1.0,1.7926955519866044,-1.7926955519866044,High-error + high-uncertainty,Overprediction,-4 to < -2,6.341481091876837
B-2078,0.2984,-1.4939580762704505,1.7923580762704505,1.7923580762704505,1.7923580762704505,2,3.21254747357191,0.442802645084034,0.626217506132521,305.31500000000005,0.0911000000000012,3,0,3,1.0,1.7923580762704505,1.7923580762704505,High-error + high-uncertainty,Underprediction,>= 0,7.981276084615276
F-710,-2.4,-4.188342628306263,1.7883426283062622,1.7883426283062622,1.7746110596349958,4,3.19816935621735,0.2014631602872165,0.4590101804555364,212.227,3.109300000000001,3,3,0,0.0,1.7883426283062627,1.7883426283062627,High-error + high-uncertainty,Underprediction,-4 to < -2,5.185112382917055
B-1229,-4.4112,-2.625099769649866,-1.7861002303501343,1.7861002303501343,1.7861002303501343,2,3.1901540328568028,0.1607622271742633,0.2273521219871477,257.76899999999995,2.2174,1,1,6,0.7272727272727273,1.7861002303501339,-1.7861002303501339,High-error + high-uncertainty,Overprediction,-6 to < -4,4.711050699905139
F-1205,-1.66,-3.4459813953470286,1.7859813953470292,1.7859813953470292,1.7859813953470292,2,3.189729544525721,0.2483617587429832,0.3512365675891615,254.33300000000003,2.5638000000000005,2,2,4,0.1875,1.7859813953470287,1.7859813953470287,High-error + high-uncertainty,Underprediction,-2 to < 0,5.723462791860779
A-1345,-3.8454729507,-2.062966870057309,-1.7825060806426907,1.7825060806426907,1.7825060806426907,2,3.1773279275281663,0.8988703134208713,1.271194588054351,154.13299999999998,-0.3789000000000002,1,1,1,0.0,1.782506080642691,-1.782506080642691,High-error + high-uncertainty,Overprediction,-4 to < -2,13.23742938897134
A-5909,-6.672808805599999,-4.891677971873614,-1.781130833726385,1.781130833726385,1.7775635877520868,6,3.172427046850847,0.2209077172376752,0.6563816866958048,499.4870000000002,2.8873999999999995,4,4,8,0.08,1.781130833726385,-1.781130833726385,High-error + high-uncertainty,Overprediction,< -6,5.398362098259918
B-1001,-5.1655,-3.3844589070341358,-1.781041092965864,1.781041092965864,1.781041092965864,2,3.1721073748330393,0.2816706642553591,0.3983424735125673,195.138,-2.1181000000000005,2,2,0,0.0,1.781041092965864,-1.781041092965864,High-error + high-uncertainty,Overprediction,-6 to < -4,6.100604658608365
F-1094,-0.28,-2.0578315152170172,1.7778315152170172,1.7778315152170172,1.8147998030969799,4,3.1606848964988354,0.2463789318202689,0.52232206101296,327.40600000000006,0.4121700000000001,2,0,5,0.6428571428571429,1.7778315152170172,1.7778315152170172,High-error + high-uncertainty,Underprediction,-2 to < 0,5.687525565748057
D-1331,-0.504,-2.281481561251156,1.7774815612511559,1.7774815612511559,1.7774815612511559,2,3.1594407005878464,0.3180755599404109,0.4498267707271455,303.358,0.9180999999999993,4,1,4,0.5882352941176471,1.777481561251156,1.777481561251156,High-error + high-uncertainty,Underprediction,-2 to < 0,6.5157397941337685
B-3396,-5.2966,-3.521576335424574,-1.775023664575426,1.775023664575426,1.775023664575426,2,3.1507090098027746,0.4454041585252977,0.6298966017238521,354.3370000000002,1.9281,4,1,2,0.3157894736842105,1.7750236645754258,-1.7750236645754258,High-error + high-uncertainty,Overprediction,-6 to < -4,7.983661908337721
A-5954,-9.1969385027,-7.4248785823719725,-1.772059920328027,1.772059920328027,1.811976770450662,5,3.1401963612329733,0.206456507843949,0.5658315210063689,629.5040000000001,8.020400000000006,4,4,11,0.125,1.7720599203280276,-1.7720599203280276,High-error + high-uncertainty,Overprediction,< -6,5.216826242698614
F-251,-4.55,-2.785517255375352,-1.764482744624648,1.764482744624648,1.7411151399258489,3,3.113399356078131,0.1774565722163583,0.3525977952895345,179.13899999999998,-1.4114000000000009,2,2,0,0.0,1.7644827446246478,-1.7644827446246478,High-error + high-uncertainty,Overprediction,-6 to < -4,4.8695009709839105
A-1294,-3.4001753553,-5.157040645080416,1.7568652897804158,1.7568652897804158,1.8752609460696237,3,3.0865756464352243,0.2611777446486529,0.4804192574351811,582.993,5.721400000000005,0,0,20,1.0,1.756865289780416,1.756865289780416,High-error + high-uncertainty,Underprediction,-4 to < -2,5.825104719842928
A-5609,-5.949075230999999,-7.696373917737244,1.7472986867372435,1.7472986867372435,1.691044967101158,3,3.053052700673696,0.1499295058591979,0.283587700703058,706.1479999999996,9.482999999999995,1,1,14,0.6666666666666666,1.7472986867372446,1.7472986867372446,High-error + high-uncertainty,Underprediction,-6 to < -4,4.523857301579368
E-1036,-8.6,-6.854074154425446,-1.7459258455745532,1.7459258455745532,1.8342529325357555,3,3.0482570582452184,0.1676546957026843,0.2983745382761125,228.294,5.146200000000003,4,4,0,0.0,1.7459258455745532,-1.7459258455745532,High-error + high-uncertainty,Overprediction,< -6,4.726557965310952
F-847,-2.0,-3.7452506828122867,1.745250682812287,1.745250682812287,1.6208082512792212,3,3.0458999458567537,0.281152753253499,0.5193551062139528,261.71200000000005,2.5127,3,2,0,0.1538461538461538,1.7452506828122867,1.7452506828122867,High-error + high-uncertainty,Underprediction,-2 to < 0,6.0374540648845745
A-4957,-3.6312456143999996,-5.372652360660601,1.7414067462606007,1.7414067462606007,2.111549528757762,3,3.032497455921932,0.7594530840570048,1.3769745492312344,269.5169999999999,6.206600000000005,0,0,16,1.0,1.7414067462606018,1.7414067462606018,High-error + high-uncertainty,Underprediction,-4 to < -2,11.560200558552564
A-1519,-2.2130969417,-3.9541977797475614,1.7411008380475614,1.7411008380475614,1.7411008380475614,2,3.0314321282499206,0.1974943292930651,0.2792991589780307,302.41400000000004,3.058200000000001,4,0,0,0.7894736842105263,1.7411008380475614,1.7411008380475614,High-error + high-uncertainty,Underprediction,-4 to < -2,5.0637811239845245
A-5316,0.6101059749000001,-1.1296310676035324,1.7397370425035328,1.7397370425035328,1.8103651409408967,3,3.026684977058939,0.3206188833341442,0.6294607918966043,245.41099999999997,0.572600000000002,0,0,10,1.0,1.7397370425035326,1.7397370425035326,High-error + high-uncertainty,Underprediction,>= 0,6.484854299656677
A-2569,-5.724958731699999,-7.462466880453668,1.7375081487536692,1.7375081487536692,1.7051748119048833,3,3.018934566985403,0.2397861388782364,0.4762911248146455,530.8340000000004,10.333999999999994,1,1,24,0.7647058823529411,1.737508148753669,1.737508148753669,High-error + high-uncertainty,Underprediction,-6 to < -4,5.546912753266833
A-1524,-3.0802067631,-1.3560749707330015,-1.724131792366998,1.724131792366998,1.724131792366998,2,2.9726304374506376,0.4540815801211134,0.6421683290310838,221.32199999999995,1.1865999999999997,1,0,5,1.0,1.7241317923669985,-1.7241317923669985,High-error + high-uncertainty,Overprediction,-4 to < -2,8.002684451584878
A-5106,-7.763261261599999,-6.04009450985296,-1.7231667517470401,1.7231667517470401,1.7231667517470401,2,2.9693036543264455,0.1637331365006187,0.2315536222490601,476.57700000000034,5.146400000000004,4,2,4,0.4074074074074074,1.7231667517470397,-1.7231667517470397,High-error + high-uncertainty,Overprediction,< -6,4.644876485652882
B-2857,-11.5827,-9.863077540354276,-1.7196224596457252,1.7196224596457252,1.4715584657275365,3,2.957101403718014,1.111511737936978,2.181106631747012,443.7550000000001,8.813199999999998,3,3,0,0.0,1.7196224596457252,-1.7196224596457252,High-error + high-uncertainty,Overprediction,< -6,15.595009417757334
F-1113,-3.48,-5.198990642086985,1.7189906420869845,1.7189906420869845,1.6593213358648193,4,2.954928827582623,0.1613927334027264,0.3550936498854913,354.21100000000007,4.022600000000002,4,4,2,0.0625,1.7189906420869847,1.7189906420869847,High-error + high-uncertainty,Underprediction,-4 to < -2,4.611152715881735
B-1770,0.41209999999999997,-1.3045472739517188,1.7166472739517185,1.7166472739517185,1.7049721476421444,3,2.9468778631658665,0.2249200918271262,0.4493854304570388,232.28,-1.2361999999999986,0,0,9,0.8,1.7166472739517187,1.7166472739517187,High-error + high-uncertainty,Underprediction,>= 0,5.341750880443747
C-1499,-10.1,-8.389979491473918,-1.7100205085260818,1.7100205085260818,1.5841420746250714,6,2.9241701395797994,0.3729289798138862,0.989230884294412,445.7710000000001,8.7061,2,2,2,0.0,1.7100205085260818,-1.7100205085260818,High-error + high-uncertainty,Overprediction,< -6,7.042067199298842
C-1501,-10.1,-8.389979491473918,-1.7100205085260818,1.7100205085260818,1.5841420746250714,6,2.9241701395797994,0.3729289798138862,0.989230884294412,445.7710000000001,8.7061,2,2,2,0.0,1.7100205085260818,-1.7100205085260818,High-error + high-uncertainty,Overprediction,< -6,7.042067199298842
C-2427,-10.1,-8.389979491473918,-1.7100205085260818,1.7100205085260818,1.5841420746250714,6,2.9241701395797994,0.3729289798138862,0.989230884294412,445.771,8.7061,2,2,2,0.0,1.7100205085260818,-1.7100205085260818,High-error + high-uncertainty,Overprediction,< -6,7.042067199298842
A-5959,-9.2920103659,-7.58494505403336,-1.7070653118666386,1.7070653118666386,1.547414922545129,5,2.914071978978344,0.3457299162397324,0.7548866257290552,685.6120000000001,9.254080000000002,4,4,11,0.2222222222222222,1.7070653118666392,-1.7070653118666392,High-error + high-uncertainty,Overprediction,< -6,6.722941153324254
A-2049,-5.8357203688,-7.541073829178749,1.705353460378749,1.705353460378749,1.865808583705962,3,2.9082304248257733,0.3528673365454228,0.6487094025808391,685.047,9.095500000000005,3,1,9,0.8095238095238095,1.705353460378749,1.705353460378749,High-error + high-uncertainty,Underprediction,-6 to < -4,6.802711624867722
C-2508,-0.94,-2.6426601108951404,1.7026601108951407,1.7026601108951407,1.6347560080986634,4,2.8990514532334526,0.2016747363211743,0.4525227337712159,457.4830000000002,0.1866000000000018,4,1,3,0.4347826086956521,1.7026601108951405,1.7026601108951405,High-error + high-uncertainty,Underprediction,-2 to < 0,5.050707434210233
H-437,-8.36,-6.658125074615818,-1.7018749253841816,1.7018749253841816,1.7018749253841816,2,2.8963782616514138,0.2049856036775919,0.2898934208120867,320.04600000000005,6.199420000000003,2,2,2,0.1428571428571428,1.7018749253841818,-1.7018749253841818,High-error + high-uncertainty,Overprediction,< -6,5.087725135665008
C-2553,-5.44,-3.753499780418435,-1.686500219581566,1.686500219581566,1.6997176420302225,3,2.84428299064867,0.1768121374951231,0.3528824550665823,441.4040000000002,-0.0448000000000007,3,3,9,0.2105263157894736,1.6865002195815655,-1.6865002195815655,High-error + high-uncertainty,Overprediction,-6 to < -4,4.7374993097543925
G-281,-6.301,-4.616433842416393,-1.6845661575836073,1.6845661575836073,1.6845661575836073,2,2.837763139275999,0.1596192259186797,0.2257356741096918,394.471,3.9531000000000023,3,2,9,0.3478260869565217,1.6845661575836068,-1.6845661575836068,High-error + high-uncertainty,Overprediction,< -6,4.535669757806621
A-2757,-7.4761487948,-5.791834878046224,-1.6843139167537766,1.6843139167537766,1.6843139167537766,2,2.836913370170448,0.6255120871220545,0.8846076770363105,598.6580000000001,8.572080000000001,9,7,2,0.1,1.6843139167537764,-1.6843139167537764,High-error + high-uncertainty,Overprediction,< -6,9.920729394447466
B-13,-3.9208,-5.6005251942702055,1.6797251942702056,1.6797251942702056,1.6094981984839594,3,2.82147672826608,0.1587025086925454,0.2931730755880313,608.6880000000003,4.171100000000004,6,3,8,0.5151515151515151,1.6797251942702056,1.6797251942702056,High-error + high-uncertainty,Underprediction,-4 to < -2,4.517341112490725
B-4423,-9.2068,-7.528207911885897,-1.6785920881141028,1.6785920881141028,1.6051872576059392,4,2.8176713982792636,0.2529825190989981,0.5593029011141191,321.97400000000005,6.198200000000001,3,2,0,0.0,1.6785920881141028,-1.6785920881141028,High-error + high-uncertainty,Overprediction,< -6,5.605355849978179
B-969,-3.6402,-5.316518605182063,1.6763186051820624,1.6763186051820624,1.6763186051820624,2,2.810044066079535,0.1539838142085702,0.2177659984396989,392.5800000000002,4.477900000000004,4,0,4,0.9583333333333334,1.6763186051820629,1.6763186051820629,High-error + high-uncertainty,Underprediction,-4 to < -2,4.457354681341862
A-5928,-8.2900385416,-6.613906792161292,-1.6761317494387076,1.6761317494387076,1.6498092293099005,3,2.8094176414764624,0.2014876286375026,0.4003878529352036,331.5030000000001,7.192700000000007,3,3,4,0.3333333333333333,1.6761317494387074,-1.6761317494387074,High-error + high-uncertainty,Overprediction,< -6,5.006173928596418
A-3316,-0.4390279004999999,-2.112460450904131,1.673432550404131,1.673432550404131,1.7713799945505029,3,2.8003765007520744,0.1712867964197935,0.2976164663902241,186.594,1.458,1,1,2,0.125,1.673432550404131,1.673432550404131,High-error + high-uncertainty,Underprediction,-2 to < 0,4.65275798064404
C-1972,0.08,-1.5932001923149524,1.6732001923149524,1.6732001923149524,1.6732001923149524,2,2.7995988835627936,0.2596052254988458,0.3671372307633933,209.209,-0.9392000000000004,2,2,3,0.375,1.6732001923149524,1.6732001923149524,High-error + high-uncertainty,Underprediction,>= 0,5.673298811093927
A-515,-2.977604072,-1.3049892290560983,-1.6726148429439018,1.6726148429439018,1.8247335085823344,3,2.7976404128362535,0.2677447112480114,0.4661852167307243,58.124,1.8064,0,0,1,1.0,1.6726148429439018,-1.6726148429439018,High-error + high-uncertainty,Overprediction,-4 to < -2,5.76645183206811
A-2032,-5.6941064111,-7.362324782869273,1.6682183717692731,1.6682183717692731,1.6682183717692731,2,2.7829525359085245,0.4957800045666108,0.7011388064114961,543.875,6.4737000000000045,2,2,2,0.2,1.6682183717692727,1.6682183717692727,High-error + high-uncertainty,Underprediction,-6 to < -4,8.3953911020947
A-5355,0.7665063868,-0.9015324926785285,1.6680388794785286,1.6680388794785286,1.6861093621322634,3,2.782353703451985,0.2864410481070081,0.5720264584200181,171.19599999999997,0.8078,1,0,1,0.75,1.6680388794785286,1.6680388794785286,High-error + high-uncertainty,Underprediction,>= 0,5.975262443382643
B-1894,-3.4746,-5.139405990215553,1.6648059902155525,1.6648059902155525,1.639947548154005,3,2.7715789850575865,0.1544498691639331,0.3058843276695331,286.30799999999994,4.806900000000004,1,1,10,0.5714285714285714,1.664805990215553,1.664805990215553,High-error + high-uncertainty,Underprediction,-4 to < -2,4.4443542660254005
B-1160,-0.4018,-2.066541724860463,1.664741724860463,1.664741724860463,1.664741724860463,2,2.7713650104913894,0.2194453269571407,0.3103425575821865,252.23,-1.5622000000000007,3,2,2,0.5,1.6647417248604632,1.6647417248604632,High-error + high-uncertainty,Underprediction,-2 to < 0,5.195562987201155
B-3562,-3.3371,-1.675228499952856,-1.6618715000471438,1.6618715000471438,1.7342866804437762,3,2.7618168826689438,0.1845382957063032,0.3471104367101594,72.151,2.0524,0,0,0,1.0,1.661871500047144,-1.661871500047144,High-error + high-uncertainty,Overprediction,-4 to < -2,4.787472834896071
A-5162,0.7116903978,-0.9475082988006264,1.6591986966006262,1.6591986966006262,1.7402921179863842,3,2.752940314801217,0.1540080839139685,0.2741268514160254,194.227,-0.979199999999999,0,0,10,1.0,1.6591986966006265,1.6591986966006265,High-error + high-uncertainty,Underprediction,>= 0,4.430291600726348
B-1656,-4.796,-3.1438855793675815,-1.6521144206324188,1.6521144206324188,1.6345807922202311,5,2.729482058861593,0.1850701150453813,0.5132111280655094,243.222,2.0578,2,1,3,0.0,1.6521144206324188,-1.6521144206324188,High-error + high-uncertainty,Overprediction,-6 to < -4,4.778036530631804
B-1908,-1.5384,-3.189729381843211,1.6513293818432115,1.6513293818432115,1.7271586395579397,3,2.7268887273386833,0.2082802879231998,0.395313147229869,276.38500000000005,2.7432000000000016,0,0,8,1.0,1.651329381843211,1.651329381843211,High-error + high-uncertainty,Underprediction,-2 to < 0,5.045079377329499
C-266,-4.59,-2.940884709617713,-1.6491152903822872,1.6491152903822872,1.7165309881931807,3,2.7195812409726554,0.2294132906068253,0.4437197343979839,266.3409999999999,2.2534,2,0,0,0.7857142857142857,1.6491152903822868,-1.6491152903822868,High-error + high-uncertainty,Overprediction,-6 to < -4,5.285828832702542
F-971,-0.3,-1.9478961826006669,1.6478961826006666,1.6478961826006666,1.6535265982698792,4,2.7155618286298497,0.210197232898977,0.4278066629990675,232.301,1.2695999999999998,2,0,2,0.9,1.6478961826006668,1.6478961826006668,High-error + high-uncertainty,Underprediction,-2 to < 0,5.0617547486664485
F-842,-1.2,-2.847558147871559,1.6475581478715586,1.6475581478715586,1.544508672240956,5,2.714447850617961,0.164147456796103,0.3521282051837673,245.326,1.93442,3,1,0,0.5,1.6475581478715589,1.6475581478715589,High-error + high-uncertainty,Underprediction,-2 to < 0,4.528905030164154
A-5578,-6.813060611,-8.460397724015674,1.647337113015674,1.647337113015674,1.647337113015674,2,2.7137195639188154,0.7220913665746544,1.0211914038823986,604.7050000000002,9.868199999999996,4,2,4,0.6363636363636364,1.6473371130156744,1.6473371130156744,High-error + high-uncertainty,Underprediction,< -6,10.978073463882673
A-2596,-5.7715452251,-7.417869906691043,1.6463246815910442,1.6463246815910442,1.7353761266848968,3,2.710384957215853,0.1617984028420993,0.2844721656491318,472.7540000000004,9.059960000000004,2,1,13,0.7741935483870968,1.646324681591043,1.646324681591043,High-error + high-uncertainty,Underprediction,-6 to < -4,4.49978120093716
B-232,-2.6995,-4.344054945458321,1.6445549454583215,1.6445549454583215,1.6181560009020273,3,2.704560968631423,0.4749323636984046,0.9487635572320195,250.3189999999999,4.613000000000004,0,0,11,1.0,1.6445549454583213,1.6445549454583213,High-error + high-uncertainty,Underprediction,-4 to < -2,8.116609142289139
A-156,-4.1708247593,-2.529077255866653,-1.6417475034333473,1.6417475034333473,1.6417475034333473,2,2.6953348650296287,0.1623543234051081,0.2296036860694115,222.28799999999995,2.2430000000000003,1,0,3,0.8333333333333334,1.641747503433347,-1.641747503433347,High-error + high-uncertainty,Overprediction,-6 to < -4,4.4988967430407625
C-133,-3.06,-1.4188346801050584,-1.6411653198949419,1.6411653198949419,1.6411653198949419,2,2.693423607225867,0.2956775363164732,0.4181511819478198,196.206,0.3029,2,0,0,0.6666666666666666,1.6411653198949416,-1.6411653198949416,High-error + high-uncertainty,Overprediction,-4 to < -2,6.039109123697075
C-2439,-10.3,-8.65934801706546,-1.6406519829345412,1.6406519829345412,1.723841867209137,3,2.691738929107042,0.7534283243334035,1.499951762255873,374.865,7.5064,3,3,0,0.0,1.640651982934541,-1.640651982934541,High-error + high-uncertainty,Overprediction,< -6,11.329633901761664
B-3297,-5.3842,-7.024749194842434,1.640549194842434,1.640549194842434,1.6311535489307207,4,2.6914016606981583,0.1540928821044352,0.3758670025711703,411.7450000000001,5.901900000000002,3,3,5,0.1176470588235294,1.6405491948424338,1.6405491948424338,High-error + high-uncertainty,Underprediction,-6 to < -4,4.401485155716153
A-383,-3.7183913352,-5.355867488570287,1.6374761533702873,1.6374761533702873,1.7957999082123632,3,2.6813281528563526,0.454502528566529,0.866655040862045,381.69300000000015,5.942000000000005,0,0,23,0.9166666666666666,1.637476153370287,1.637476153370287,High-error + high-uncertainty,Underprediction,-4 to < -2,7.8691454784377814
A-1099,-4.9587331394,-3.3213882207314236,-1.6373449186685756,1.6373449186685756,1.4965168210866855,3,2.6808983826898043,0.4642199478559068,0.8958253070458326,346.46400000000017,3.2666000000000013,0,0,17,0.8888888888888888,1.637344918668576,-1.637344918668576,High-error + high-uncertainty,Overprediction,-6 to < -4,7.981263838226751
F-9,-4.24,-2.6094802214443824,-1.6305197785556178,1.6305197785556178,1.664276348693365,4,2.658594748261061,0.2281268434043333,0.5422599747880512,270.266,0.5395,2,2,4,0.2,1.6305197785556178,-1.6305197785556178,High-error + high-uncertainty,Overprediction,-6 to < -4,5.2412577849438
H-178,-2.09,-3.716248629368579,1.626248629368579,1.626248629368579,1.777043494905556,3,2.6446846045231815,0.3279282577918364,0.6016065945587794,134.22199999999995,3.251000000000002,0,0,3,0.2,1.626248629368579,1.626248629368579,High-error + high-uncertainty,Underprediction,-4 to < -2,6.388084854797846
C-2394,-9.64,-8.014272351604768,-1.625727648395232,1.625727648395232,1.6083465190924953,6,2.6429903867566913,0.2704384948868762,0.6071127691822991,411.326,8.0527,2,2,2,0.0,1.625727648395232,-1.625727648395232,High-error + high-uncertainty,Overprediction,< -6,5.7227030491113275
B-944,-2.3208,-3.9435722592383193,1.622772259238319,1.622772259238319,1.4950635979527571,3,2.633389805353438,0.4580393117994232,0.8889721807304802,627.9420000000002,2.793100000000001,1,1,4,0.25,1.6227722592383191,1.6227722592383191,High-error + high-uncertainty,Underprediction,-4 to < -2,7.886543918707896
C-179,-2.33,-3.9518162553812424,1.6218162553812423,1.6218162553812423,1.5467793560599217,3,2.6302879662188348,0.2513998803135834,0.4857118389616031,354.48700000000014,3.0429000000000013,1,0,12,0.75,1.6218162553812423,1.6218162553812423,High-error + high-uncertainty,Underprediction,-4 to < -2,5.496380037194498
B-753,-2.1112,-3.7325290152356008,1.6213290152356004,1.6213290152356004,1.696520678003735,3,2.6287077756448416,0.4219198278524149,0.8337289764009257,258.345,3.653800000000002,0,0,9,1.0,1.6213290152356006,1.6213290152356006,High-error + high-uncertainty,Underprediction,-4 to < -2,7.466717636493602
A-2727,-6.755087841400001,-5.134700887481952,-1.6203869539180475,1.6203869539180475,1.7135175217833698,3,2.6256538804278087,0.3267168280025444,0.6332105769705878,284.484,6.030800000000006,0,0,15,0.9444444444444444,1.6203869539180484,-1.6203869539180484,High-error + high-uncertainty,Overprediction,< -6,6.3647192321139
F-989,-4.38,-2.7603848595423655,-1.6196151404576344,1.6196151404576344,1.6196151404576344,2,2.6231532031996028,0.1968426387033039,0.2783775293075194,364.35200000000015,1.4324,4,2,3,0.4117647058823529,1.6196151404576344,-1.6196151404576344,High-error + high-uncertainty,Overprediction,-6 to < -4,4.862213066463667
F-565,-1.41,0.2095480434082632,-1.6195480434082632,1.6195480434082632,1.6195480434082632,2,2.6229358649075336,0.1608199548223731,0.2274337612100286,179.172,-3.8682,1,0,0,1.0,1.6195480434082632,-1.6195480434082632,High-error + high-uncertainty,Overprediction,-2 to < 0,4.445703697563777
A-5951,-9.227651248,-7.613885247497873,-1.6137660005021286,1.6137660005021286,1.6137660005021286,2,2.604240704376636,0.2248132989917503,0.3179340164359709,844.5419999999999,10.295399999999994,8,6,8,0.0,1.6137660005021282,-1.6137660005021282,High-error + high-uncertainty,Overprediction,< -6,5.176196205842762
F-93,-2.41,-0.7970199495732372,-1.6129800504267628,1.6129800504267628,1.6714322365767988,5,2.6017046430747226,0.2577415996221883,0.593868819672644,169.14,-1.8373,1,0,1,0.3333333333333333,1.612980050426763,-1.612980050426763,High-error + high-uncertainty,Overprediction,-4 to < -2,5.555573752099091
F-479,-3.14,-1.5295117278966177,-1.6104882721033826,1.6104882721033826,1.676885359531238,3,2.5936724745825392,0.3625770290981051,0.7159767373747039,272.37000000000006,0.7123999999999999,1,0,6,0.75,1.6104882721033824,-1.6104882721033824,High-error + high-uncertainty,Overprediction,-4 to < -2,6.763433218927316
C-231,-3.6,-1.9956314033415552,-1.6043685966584451,1.6043685966584451,1.7964821064435108,3,2.5739985939437884,0.357116589570325,0.6319859430869885,242.344,1.3499,1,0,4,0.7272727272727273,1.604368596658445,-1.604368596658445,High-error + high-uncertainty,Overprediction,-4 to < -2,6.690539332282009
C-1689,-4.08,-2.4797482506313546,-1.6002517493686454,1.6002517493686454,1.6134510259947734,3,2.56080566135741,0.2861901699523957,0.571923588252107,256.37100000000004,1.8841,1,0,6,0.75,1.6002517493686454,-1.6002517493686454,High-error + high-uncertainty,Overprediction,-6 to < -4,5.864093987564705
B-875,-2.7763000000000004,-4.376066088381792,1.5997660883817924,1.5997660883817924,1.6313772115837564,3,2.5592515375363805,0.1914906613029805,0.379047363972818,179.22199999999998,3.388000000000001,3,3,0,0.0,1.599766088381792,1.599766088381792,High-error + high-uncertainty,Underprediction,-4 to < -2,4.76864461639461
A-5057,-4.7086538251,-6.307284020265054,1.5986301951650532,1.5986301951650532,1.4289423137879362,3,2.555618500893456,0.3642217345716965,0.6665192844013577,296.539,6.362500000000008,0,0,13,0.9,1.598630195165054,1.598630195165054,High-error + high-uncertainty,Underprediction,-6 to < -4,6.763505582507177
A-4918,-3.3623020198,-4.959888353939465,1.597586334139465,1.597586334139465,1.3684533585667658,3,2.5522820950291742,0.8963003315743665,1.7481165224426205,322.4260000000001,5.552800000000006,0,0,14,1.0,1.5975863341394647,1.5975863341394647,High-error + high-uncertainty,Underprediction,-4 to < -2,12.912371173763967
A-1505,-4.524775941100001,-6.120070359867791,1.5952944187677902,1.5952944187677902,1.5952944187677902,2,2.5449642825516614,0.587163101713816,0.8303740217687317,639.4540000000002,7.630800000000004,9,7,2,0.0,1.5952944187677902,1.5952944187677902,High-error + high-uncertainty,Underprediction,-6 to < -4,9.335256020907094
C-267,-4.13,-2.537790272426794,-1.592209727573206,1.592209727573206,1.6019815402612003,3,2.5351318165787426,0.1818753217526107,0.3633566645609174,178.25999999999996,2.4869000000000003,1,1,2,0.2222222222222222,1.5922097275732061,-1.5922097275732061,High-error + high-uncertainty,Overprediction,-6 to < -4,4.645427745698859
F-1160,-4.7,-3.1128278783828427,-1.5871721216171573,1.5871721216171573,1.7040017664034297,3,2.5191153436387084,0.3180416736826568,0.6030377493099439,250.685,1.8967,3,1,0,0.3333333333333333,1.5871721216171575,-1.5871721216171575,High-error + high-uncertainty,Overprediction,-6 to < -4,6.211389108651549
B-3378,-4.4642,-2.880647570333125,-1.5835524296668748,1.5835524296668748,1.6197772766789056,3,2.5076382975038625,0.1511366319249596,0.2956897147608415,434.8180000000002,0.1776999999999995,2,2,6,0.3076923076923077,1.583552429666875,-1.583552429666875,High-error + high-uncertainty,Overprediction,-6 to < -4,4.276278289216456
A-199,-7.5558815137,-5.9729562820757325,-1.5829252316242677,1.5829252316242677,1.5829252316242677,2,2.5056522889127413,0.6324065941434996,0.8943579823719148,899.1279999999997,5.911600000000007,8,0,7,0.78,1.5829252316242677,-1.5829252316242677,High-error + high-uncertainty,Overprediction,< -6,9.838489791069073
B-2406,-2.4361,-4.008550361180896,1.572450361180896,1.572450361180896,1.5653930446325082,3,2.4726001383779304,0.1728522196966635,0.3454882664659715,327.572,4.026200000000004,0,0,9,1.0,1.5724503611808962,1.5724503611808962,High-error + high-uncertainty,Underprediction,-4 to < -2,4.5095663796248795
A-5801,-6.088238680599999,-4.516718154620894,-1.5715205259791045,1.5715205259791045,1.6101269649902736,3,2.4696767635736414,0.3268480381948321,0.6502670135320354,260.374,4.476200000000004,0,0,9,0.9285714285714286,1.5715205259791052,-1.5715205259791052,High-error + high-uncertainty,Overprediction,< -6,6.28818732681836
A-2298,-7.6275399492,-6.057126263767682,-1.570413685432318,1.570413685432318,1.4445552958153574,3,2.4661991433931156,0.2750113669723022,0.5049792125869867,254.5019999999999,7.267800000000007,0,0,15,1.0,1.5704136854323183,-1.5704136854323183,High-error + high-uncertainty,Overprediction,< -6,5.6872163938573115
I-42,-5.489999999999999,-3.9197511655002337,-1.5702488344997665,1.5702488344997665,1.620262685685665,3,2.465681402247875,0.2583159353133932,0.5093175176802749,445.5450000000002,2.0781199999999997,3,2,7,0.4285714285714285,1.5702488344997656,-1.5702488344997656,High-error + high-uncertainty,Overprediction,-6 to < -4,5.493963186862093
C-1069,-8.83,-7.260894876191897,-1.5691051238081029,1.5691051238081029,1.5608206901435442,4,2.4620908895608418,0.4962796956883893,1.1776208313363918,300.36,6.919200000000003,7,7,0,0.0,1.5691051238081029,-1.5691051238081029,High-error + high-uncertainty,Overprediction,< -6,8.242865270734749
B-2160,-0.2275,-1.7954551362716185,1.5679551362716184,1.5679551362716184,1.5015747968837918,3,2.4584833093605494,0.1630493569542331,0.3051578654418505,253.258,0.4337600000000001,0,0,9,0.6363636363636364,1.5679551362716184,1.5679551362716184,High-error + high-uncertainty,Underprediction,-2 to < 0,4.389071038919134
B-1652,-1.7025,-3.2677881577704326,1.565288157770433,1.565288157770433,1.5273657366052023,4,2.4501270168563556,0.2298352797644744,0.4917727541782399,418.39800000000025,-0.8912000000000002,4,2,3,0.3809523809523809,1.5652881577704327,1.5652881577704327,High-error + high-uncertainty,Underprediction,-2 to < 0,5.156819531588596
F-478,-3.09,-1.5295117278966177,-1.5604882721033821,1.5604882721033821,1.6268853595312378,3,2.4351236473721993,0.3625770290981051,0.7159767373747039,272.37000000000006,0.7123999999999999,1,0,6,0.75,1.5604882721033821,-1.5604882721033821,High-error + high-uncertainty,Overprediction,-4 to < -2,6.683574074850528
A-1199,-3.9356925608,-5.491903707458779,1.5562111466587787,1.5562111466587787,1.41476776758387,3,2.4217931329850306,0.6371834020012918,1.2505966826644688,241.46299999999997,5.249100000000005,0,0,13,1.0,1.5562111466587791,1.5562111466587791,High-error + high-uncertainty,Underprediction,-4 to < -2,9.851039755538462
F-880,-3.5,-5.049392955345575,1.5493929553455752,1.5493929553455752,1.5652431664396773,4,2.4006185300744955,0.229007129735329,0.4790075570526957,368.366,3.214300000000001,5,3,0,0.0526315789473684,1.5493929553455752,1.5493929553455752,High-error + high-uncertainty,Underprediction,-4 to < -2,5.121859032363053
B-4316,-2.3074,-3.8469897203210466,1.539589720321047,1.539589720321047,1.535237039625814,3,2.3703365069182394,0.2483869417688441,0.4967166736454622,304.4390000000001,3.5202000000000027,0,0,8,1.0,1.5395897203210467,1.5395897203210467,High-error + high-uncertainty,Underprediction,-4 to < -2,5.330221328137459
C-1985,-5.96,-4.424998758314913,-1.5350012416850871,1.5350012416850871,1.6251335265632942,3,2.356228811974759,0.1675783292441509,0.2965779819827245,208.304,3.8172000000000033,4,2,0,0.375,1.5350012416850873,-1.5350012416850873,High-error + high-uncertainty,Overprediction,-6 to < -4,4.388790044871244
D-1421,-1.44,-2.967958269402759,1.527958269402759,1.527958269402759,1.527958269402759,2,2.334656473036274,0.1881169118027028,0.2660374879831257,275.348,1.8884,3,1,3,0.5625,1.5279582694027591,1.5279582694027591,High-error + high-uncertainty,Underprediction,-2 to < 0,4.614955728218861
A-628,-2.8135095056,-4.3406663881857614,1.527156882585761,1.527156882585761,1.527156882585761,2,2.3322081440290603,0.1696552364921161,0.2399287363747655,346.2750000000001,2.8249000000000004,3,2,5,0.1764705882352941,1.5271568825857615,1.5271568825857615,High-error + high-uncertainty,Underprediction,-4 to < -2,4.400269062149518
A-3216,0.5809706515999999,-0.9448251344727762,1.525795786072776,1.525795786072776,1.5755224027302457,3,2.3280527807974405,0.1880561332519509,0.3661177785933173,204.178,-0.9289000000000004,1,0,4,0.625,1.5257957860727762,1.5257957860727762,High-error + high-uncertainty,Underprediction,>= 0,4.610799280599357
C-2381,-9.54,-8.014272351604768,-1.5257276483952307,1.5257276483952307,1.5083465190924938,6,2.3278448570776407,0.2704384948868762,0.6071127691822991,411.326,8.052699999999998,2,2,2,0.0,1.5257276483952307,-1.5257276483952307,High-error + high-uncertainty,Overprediction,< -6,5.562984760957751
F-738,-3.35,-4.8755481192677195,1.525548119267719,1.525548119267719,1.516304887969926,4,2.3272970642012742,0.1971946439840146,0.4817223324243906,357.88100000000014,4.286500000000004,3,2,6,0.3809523809523809,1.5255481192677194,1.5255481192677194,High-error + high-uncertainty,Underprediction,-4 to < -2,4.716039815886776
A-2004,-5.506567842999999,-7.03177819771467,1.5252103547146703,1.5252103547146703,1.2562683902358414,3,2.3262666261288505,0.596956313572884,1.0992897800329606,449.4650000000002,6.354100000000004,8,7,0,0.0,1.5252103547146705,1.5252103547146705,High-error + high-uncertainty,Underprediction,-6 to < -4,9.336523039117715
A-939,-2.8774727952,-4.40219754508974,1.5247247498897396,1.5247247498897396,1.5247247498897396,2,2.324785562926329,0.1806649641003803,0.2554988424764062,278.291,3.3260000000000014,3,3,3,0.0,1.5247247498897396,1.5247247498897396,High-error + high-uncertainty,Underprediction,-4 to < -2,4.523650832893255
A-5479,-4.5222231174,-6.046243196309739,1.5240200789097382,1.5240200789097382,1.4720069364402968,4,2.322637200920045,0.3249033818870019,0.7816093157782422,665.6610000000003,6.754900000000005,9,9,4,0.0,1.5240200789097385,1.5240200789097385,High-error + high-uncertainty,Underprediction,-6 to < -4,6.189841279902496
A-1274,-1.8467055699,-3.3696594892939586,1.5229539193939592,1.5229539193939592,1.5739812593221327,3,2.319388640597422,0.1822102750769063,0.3535406187610856,168.623,2.9327000000000014,1,1,2,0.2222222222222222,1.5229539193939587,1.5229539193939587,High-error + high-uncertainty,Underprediction,-2 to < 0,4.538685428674828
H-439,-8.18,-6.658125074615818,-1.5218749253841821,1.5218749253841821,1.5218749253841821,2,2.31610328851311,0.2049856036775919,0.2898934208120867,320.04600000000005,6.199420000000004,2,2,2,0.1428571428571428,1.5218749253841821,-1.5218749253841821,High-error + high-uncertainty,Overprediction,< -6,4.800232216988575
A-4974,-3.2959363681,-1.7752326490857506,-1.5207037190142494,1.5207037190142494,1.4384824319145513,3,2.312539801023769,0.2064317140210539,0.3875244380135114,197.668,1.0489000000000004,1,1,1,0.0,1.5207037190142494,-1.5207037190142494,High-error + high-uncertainty,Overprediction,-4 to < -2,4.815077817981246
B-2474,-2.5687,-4.087692051587498,1.5189920515874977,1.5189920515874977,1.6813945753355335,3,2.3073368527859954,0.2893655043129677,0.505772519207992,222.265,3.8328000000000033,0,0,9,1.0,1.5189920515874982,1.5189920515874982,High-error + high-uncertainty,Underprediction,-4 to < -2,5.771012489524936
B-1766,-3.8925,-2.3751009556035085,-1.5173990443964918,1.5173990443964918,1.5248002104150218,3,2.3024998599353865,0.1618445758793351,0.3234352101904583,195.174,1.9102,1,1,3,0.2222222222222222,1.5173990443964915,-1.5173990443964915,High-error + high-uncertainty,Overprediction,-4 to < -2,4.294397114864335
B-4375,-1.4748,0.04107073789787503,-1.515870737897875,1.515870737897875,1.5724392397284148,3,2.2978640940150483,0.2238325584061103,0.4368112528454868,44.009,-0.5835,0,0,0,0.0,1.515870737897875,-1.515870737897875,High-error + high-uncertainty,Overprediction,-2 to < 0,5.008502752197382
D-303,-3.834,-5.349278480843641,1.5152784808436415,1.5152784808436415,1.560700657364519,6,2.2960688745078137,0.1584515241875395,0.3756630913893097,341.19000000000005,4.726000000000004,2,2,5,0.1875,1.5152784808436413,1.5152784808436413,High-error + high-uncertainty,Underprediction,-4 to < -2,4.251788395511572
C-1529,-4.87,-3.3550135773246246,-1.5149864226753758,1.5149864226753758,1.5405296182576067,3,2.2951838608907322,0.285971705126664,0.5702296905726238,114.232,3.0786000000000016,0,0,0,1.0,1.5149864226753755,-1.5149864226753755,High-error + high-uncertainty,Overprediction,-6 to < -4,5.725384335428745
A-2245,-6.649738160800001,-5.135420918118596,-1.514317242681404,1.514317242681404,1.5778844161686436,3,2.2931567114822102,0.3835182054191607,0.7590932083191522,242.40299999999996,4.8605000000000045,0,0,12,0.9333333333333332,1.5143172426814049,-1.5143172426814049,High-error + high-uncertainty,Overprediction,< -6,6.85189885526183
B-1509,-1.5883,-3.0981839290799726,1.5098839290799726,1.5098839290799726,1.6040520075562883,3,2.279749479293976,0.1926615137812424,0.3491002070439868,240.26200000000003,1.7614,2,2,2,0.0,1.5098839290799726,1.5098839290799726,High-error + high-uncertainty,Underprediction,-2 to < 0,4.638620774038694
A-6039,-8.2475792783,-6.744455074662504,-1.5031242036374959,1.5031242036374959,1.5589739571351835,3,2.2593823715608563,0.2085681979173785,0.4057649416013582,353.67900000000014,7.93760000000001,0,0,18,1.0,1.5031242036374959,-1.5031242036374959,High-error + high-uncertainty,Overprediction,< -6,4.8116966832438015
A-2565,-5.5936426625,-7.096119330984617,1.502476668484618,1.502476668484618,1.502476668484618,2,2.2574361393406366,0.1696884865136843,0.2399757590062163,392.3220000000002,4.358400000000002,7,5,0,0.0,1.5024766684846176,1.5024766684846176,High-error + high-uncertainty,Underprediction,-6 to < -4,4.361234598442012
F-995,-4.38,-2.8864500924130696,-1.4935499075869305,1.4935499075869305,1.4611565924929653,5,2.230691326452929,0.2121952978674696,0.5688154425601906,261.23299999999995,1.4483,3,2,2,0.2307692307692307,1.4935499075869303,-1.4935499075869303,High-error + high-uncertainty,Overprediction,-6 to < -4,4.838332040807408
B-4511,-3.6929,-2.199498898254393,-1.493401101745607,1.493401101745607,1.5653764808433095,4,2.230246850694993,0.2478263679640628,0.5297990534629862,394.43900000000014,0.6204999999999998,4,0,2,0.7142857142857143,1.493401101745607,-1.493401101745607,High-error + high-uncertainty,Overprediction,-4 to < -2,5.249969735635759
C-173,-5.23,-3.73813586840906,-1.4918641315909407,1.4918641315909407,1.4015074514052008,3,2.2256585871275916,0.3365553128898824,0.654663979133618,162.27599999999998,3.5371200000000025,1,1,0,0.5,1.4918641315909404,-1.4918641315909404,High-error + high-uncertainty,Overprediction,-6 to < -4,6.2731721970331265
A-2798,-8.6167666964,-7.129399643692561,-1.4873670527074379,1.4873670527074379,1.5199541369756897,5,2.21226074947961,0.1664798241789153,0.4443717655703727,620.6660000000002,6.730800000000007,4,4,13,0.1764705882352941,1.4873670527074383,-1.4873670527074383,High-error + high-uncertainty,Overprediction,< -6,4.300011425704533
C-1203,-3.87,-2.3834130665144544,-1.4865869334855455,1.4865869334855455,1.4865869334855455,2,2.2099407108099576,0.1766579186456737,0.2498320244493146,152.113,-1.0605000000000002,2,2,0,0.0,1.4865869334855457,-1.4865869334855457,High-error + high-uncertainty,Overprediction,-4 to < -2,4.416418547232384
C-1481,-9.5,-8.014272351604768,-1.4857276483952317,1.4857276483952317,1.4683465190924947,6,2.2073866452060256,0.2704384948868762,0.6071127691822991,411.326,8.0527,2,2,2,0.0,1.4857276483952315,-1.4857276483952315,High-error + high-uncertainty,Overprediction,< -6,5.499097445696323
D-1393,-3.1630000000000003,-1.6778299312567775,-1.4851700687432228,1.4851700687432228,1.5601866804437765,3,2.205730133090749,0.1889754892211735,0.3549147306219233,72.151,2.0524,0,0,1,1.0,1.4851700687432228,-1.4851700687432228,High-error + high-uncertainty,Overprediction,-4 to < -2,4.556539824315443
A-2100,-5.3545731075,-3.8704910140420923,-1.4840820934579075,1.4840820934579075,1.4840820934579075,2,2.2024996601224056,0.3179252043827855,0.4496141358583734,140.26999999999998,3.468700000000003,1,0,1,1.0,1.484082093457908,-1.484082093457908,High-error + high-uncertainty,Overprediction,-6 to < -4,6.045389160050902
A-5824,-6.0559466089,-4.574479123410906,-1.4814674854890943,1.4814674854890943,1.6033258838574636,3,2.19474591056138,0.3635150563177636,0.6957186046959754,226.36,4.102300000000003,0,0,9,0.7857142857142857,1.4814674854890946,-1.4814674854890946,High-error + high-uncertainty,Overprediction,< -6,6.5682065004463785
B-3253,-7.1447,-5.663502337518849,-1.4811976624811523,1.4811976624811523,1.5728192393762344,3,2.1939465153396296,0.2474506801503368,0.4687684037659032,418.5740000000002,4.585600000000005,3,0,6,0.76,1.4811976624811516,-1.4811976624811516,High-error + high-uncertainty,Overprediction,< -6,5.226135869044164
C-154,-2.77,-1.2890182711581724,-1.4809817288418277,1.4809817288418277,1.638803012995714,4,2.1933068811633287,0.3554279371092934,0.7467872997790643,212.249,0.6507999999999999,1,0,2,0.7,1.4809817288418277,-1.4809817288418277,High-error + high-uncertainty,Overprediction,-4 to < -2,6.473948055378196
C-586,-3.68,-2.199498898254393,-1.4805011017456073,1.4805011017456073,1.5524764808433098,4,2.1918835122699574,0.2478263679640628,0.5297990534629862,394.43900000000014,0.6204999999999998,4,0,2,0.7142857142857143,1.4805011017456073,-1.4805011017456073,High-error + high-uncertainty,Overprediction,-4 to < -2,5.229366076463947
F-952,-2.33,-3.8095703637062783,1.4795703637062785,1.4795703637062785,1.5789137283638883,3,2.1891284611579294,0.1802709016084212,0.3168328890162257,394.258,2.2620999999999998,2,2,6,0.1666666666666666,1.4795703637062783,1.4795703637062783,High-error + high-uncertainty,Underprediction,-4 to < -2,4.446975876885325
C-1662,-3.14,-1.6609543161926836,-1.4790456838073165,1.4790456838073165,1.68210577212354,3,2.1875761347890523,0.4390823537235297,0.8046571039918817,228.317,1.1039,1,0,4,0.7,1.4790456838073165,-1.4790456838073165,High-error + high-uncertainty,Overprediction,-4 to < -2,7.437854394577411
F-797,-2.45,-3.9259114368419197,1.4759114368419195,1.4759114368419195,1.399308598573266,4,2.1783145694007793,0.1944579586727472,0.4159902698948006,342.34700000000004,2.668000000000001,4,2,4,0.3157894736842105,1.4759114368419195,1.4759114368419195,High-error + high-uncertainty,Underprediction,-4 to < -2,4.605126395394173
B-4426,-9.0027,-7.528207911885897,-1.4744920881141041,1.4744920881141041,1.4010872576059406,4,2.174126917911091,0.2529825190989981,0.5593029011141191,321.97400000000005,6.198200000000002,3,2,0,0.0,1.4744920881141041,-1.4744920881141041,High-error + high-uncertainty,Overprediction,< -6,5.279370823856736
A-5335,0.6492617384,-0.8235172044444976,1.4727789428444975,1.4727789428444975,1.6725763859717553,3,2.1690778144861556,0.3693305806688847,0.6525819921115605,224.253,-1.6182999999999987,0,0,11,1.0,1.4727789428444975,1.4727789428444975,High-error + high-uncertainty,Underprediction,>= 0,6.6215535378387935
B-1761,-4.2373,-2.7680773983119664,-1.4692226016880339,1.4692226016880339,1.4990107842622855,3,2.158615053310955,0.2002894617536986,0.3972423271695935,207.258,2.0476,2,2,1,0.1111111111111111,1.4692226016880339,-1.4692226016880339,High-error + high-uncertainty,Overprediction,-6 to < -4,4.6618520365939755
B-983,-2.2840000000000003,-0.8152670672367787,-1.4687329327632215,1.4687329327632215,1.6302350246741282,4,2.1571764277832535,0.4127038746521423,0.8857299091191592,173.084,-2.0023,1,0,1,0.25,1.4687329327632215,-1.4687329327632215,High-error + high-uncertainty,Overprediction,-4 to < -2,7.116462489424022
C-1650,-2.7999999999999994,-1.3331352267332746,-1.4668647732667253,1.4668647732667253,1.6382895825538033,3,2.1516922630508413,0.3372890931659378,0.6057196824913891,214.29,0.7138000000000001,1,0,3,0.6666666666666666,1.4668647732667248,-1.4668647732667248,High-error + high-uncertainty,Overprediction,-4 to < -2,6.241725741991544
A-557,-4.6602344394,-3.1933900226406995,-1.4668444167593,1.4668444167593,1.592749142942557,3,2.151632542977931,0.4414163344677745,0.8554750265869964,274.40099999999995,2.8037000000000014,0,0,13,0.9333333333333332,1.4668444167593004,-1.4668444167593004,High-error + high-uncertainty,Overprediction,-6 to < -4,7.44534625978763
D-1542,0.723,-0.7409658182701132,1.463965818270113,1.463965818270113,1.4614461412906523,3,2.1431959170632813,0.5299099377006554,1.0598108897248637,189.307,-2.327399999999997,0,0,10,1.0,1.4639658182701132,1.4639658182701132,High-error + high-uncertainty,Underprediction,>= 0,8.463685476218808
B-874,-6.2447,-7.707317557664023,1.4626175576640237,1.4626175576640237,1.4626175576640237,2,2.1392501199870737,0.245902361226579,0.347758454266196,279.342,5.694400000000004,5,5,0,0.0,1.4626175576640232,1.4626175576640232,High-error + high-uncertainty,Underprediction,< -6,5.178562337559523
A-6051,-7.4876332175,-6.026051135063612,-1.4615820824363883,1.4615820824363883,1.4615820824363883,2,2.1362221836990893,0.2281449875094421,0.3226457355232934,368.8200000000001,5.100800000000003,4,4,4,0.2,1.4615820824363883,-1.4615820824363883,High-error + high-uncertainty,Overprediction,< -6,4.971643124425828
B-1635,-1.9424,-3.403416554254508,1.461016554254508,1.461016554254508,1.5163452876666186,4,2.1345693718057155,0.1742190722501173,0.396093809020468,157.21599999999998,2.8516400000000006,2,2,0,0.1818181818181818,1.4610165542545082,1.4610165542545082,High-error + high-uncertainty,Underprediction,-2 to < 0,4.347386266537704
B-367,-1.9424,-3.403416554254508,1.461016554254508,1.461016554254508,1.5163452876666186,4,2.1345693718057155,0.1742190722501173,0.396093809020468,157.21599999999998,2.8516400000000006,2,2,0,0.1818181818181818,1.4610165542545082,1.4610165542545082,High-error + high-uncertainty,Underprediction,-2 to < 0,4.347386266537704
A-6027,-8.0701647483,-6.610915897629545,-1.4592488506704553,1.4592488506704553,1.3667840119226682,3,2.1294072081830446,0.162374623025376,0.2825116521430031,352.60300000000007,7.613200000000009,0,0,18,0.8695652173913043,1.4592488506704546,-1.4592488506704546,High-error + high-uncertainty,Overprediction,< -6,4.207647671271394
A-953,-3.9550420008999994,-5.413791820353926,1.4587498194539268,1.4587498194539268,1.5613457085419,3,2.127951035756864,0.3946281630114205,0.7689914165930709,324.59700000000004,5.962300000000004,0,0,19,0.9047619047619048,1.4587498194539266,1.4587498194539266,High-error + high-uncertainty,Underprediction,-4 to < -2,6.891572452465969
F-404,-0.89,-2.3467043648911994,1.4567043648911993,1.4567043648911993,1.516365640598897,3,2.121987606693072,0.2150043723452005,0.4174076149916348,234.255,0.7878999999999996,2,1,3,0.3333333333333333,1.4567043648911993,1.4567043648911993,High-error + high-uncertainty,Underprediction,-2 to < 0,4.811954310305957
A-4510,0.8262602859999998,-0.630346614422418,1.456606900422418,1.456606900422418,1.4165886524972002,3,2.121703662358204,0.276085743916996,0.547803770957988,149.19,-1.734699999999999,0,0,6,1.0,1.4566069004224178,1.4566069004224178,High-error + high-uncertainty,Underprediction,>= 0,5.517865345330678
A-454,-2.7785623319,-4.233758180945824,1.4551958490458239,1.4551958490458239,1.3609120766207212,3,2.117594959080196,0.4216721146164663,0.8273821364716327,398.47700000000026,4.594400000000005,0,0,21,1.0,1.4551958490458237,1.4551958490458237,High-error + high-uncertainty,Underprediction,-4 to < -2,7.198509160082512
A-2623,-6.256077615900001,-4.801178558787716,-1.454899057112285,1.454899057112285,1.6878357815879823,3,2.1167312663862163,0.6640909002861074,1.2654202236975864,270.50099999999986,6.096100000000007,0,0,15,1.0,1.4548990571122848,-1.4548990571122848,High-error + high-uncertainty,Overprediction,< -6,10.000261544201047
A-929,-1.4850227408,-0.035797218498749166,-1.4492255223012507,1.4492255223012507,1.4650750654333249,3,2.100254614489333,0.162523811668357,0.3238862969999811,113.038,0.0340000000000001,0,0,0,0.5,1.449225522301251,-1.449225522301251,High-error + high-uncertainty,Overprediction,-2 to < 0,4.193363120571213
A-6020,-6.975819717300001,-5.526672107798109,-1.4491476095018925,1.4491476095018925,1.3506095729448155,3,2.1000287941250493,0.6794783509375035,1.3481966042181774,340.5040000000002,5.061800000000005,0,0,14,0.8,1.4491476095018925,-1.4491476095018925,High-error + high-uncertainty,Overprediction,< -6,10.168945807029042
A-5849,-7.3952335385,-5.94908204102893,-1.44615149747107,1.44615149747107,1.596050800924341,3,2.0913541536378184,0.2632068551832566,0.457932299509995,397.5150000000002,5.2065000000000055,2,2,11,0.4166666666666667,1.44615149747107,-1.44615149747107,High-error + high-uncertainty,Overprediction,< -6,5.352293359618821
C-1483,-9.46,-8.014272351604768,-1.4457276483952324,1.4457276483952324,1.4283465190924955,6,2.090128433334409,0.2704384948868762,0.6071127691822991,411.326,8.0527,2,2,2,0.0,1.4457276483952324,-1.4457276483952324,High-error + high-uncertainty,Overprediction,< -6,5.4352101304348945
A-5700,-4.8617411072,-6.307284020265054,1.4455429130650528,1.4455429130650528,1.2758550316879358,3,2.089594313512599,0.3642217345716965,0.6665192844013577,296.539,6.364100000000008,0,0,13,0.9,1.4455429130650534,1.4455429130650534,High-error + high-uncertainty,Underprediction,-6 to < -4,6.5189971961562225
A-1453,-5.0237764060000005,-3.5794807208274104,-1.44429568517259,1.44429568517259,1.400108698978644,4,2.0859900262081617,0.1570014879820137,0.3605610912603603,227.046,2.754800000000001,2,1,0,0.0,1.44429568517259,-1.44429568517259,High-error + high-uncertainty,Overprediction,-6 to < -4,4.121654276841458
C-1571,-4.31,-5.753685911485956,1.4436859114859566,1.4436859114859566,1.1295221272656295,3,2.0842290110230373,0.5549491024184012,0.9673558678961164,242.40299999999996,5.162200000000004,0,0,13,0.9333333333333332,1.4436859114859564,1.4436859114859564,High-error + high-uncertainty,Underprediction,-6 to < -4,8.720733582511087
F-1159,-3.75,-2.318892284370742,-1.431107715629258,1.431107715629258,1.4290003707881254,3,2.048069293733593,0.2617294221027194,0.5234461184019379,216.23999999999992,1.2432999999999998,3,1,0,0.3333333333333333,1.431107715629258,-1.431107715629258,High-error + high-uncertainty,Overprediction,-4 to < -2,5.311187383600039
B-4614,-2.7063,-1.2756459051314692,-1.430654094868531,1.430654094868531,1.430654094868531,2,2.0467711391640955,0.3827543690236289,0.5412964197307726,187.634,0.9275,1,1,2,0.5,1.430654094868531,-1.430654094868531,High-error + high-uncertainty,Overprediction,-4 to < -2,6.709443983601872
C-1063,-3.9,-5.327828141957564,1.427828141957564,1.427828141957564,1.4756805551209102,3,2.0386932029659897,0.2256903334213613,0.4437059229520317,427.5260000000004,4.106600000000005,4,2,5,0.3636363636363636,1.4278281419575642,1.4278281419575642,High-error + high-uncertainty,Underprediction,-4 to < -2,4.889357471657227
A-4969,-3.3672139557,-1.939532106736831,-1.427681848963169,1.427681848963169,1.427681848963169,2,2.038275461858893,0.1958890854072764,0.2770290013038319,116.229,2.2489,1,0,0,1.0,1.427681848963169,-1.427681848963169,High-error + high-uncertainty,Overprediction,-4 to < -2,4.544637952817481
A-2751,-7.2023327624,-5.776444275226371,-1.425888487173629,1.425888487173629,1.425888487173629,2,2.0331579778543003,0.5430101725239651,0.7679323504899456,382.42300000000006,4.464980000000003,5,5,3,0.1739130434782608,1.425888487173629,-1.425888487173629,High-error + high-uncertainty,Overprediction,< -6,8.554300447676695
A-5665,-7.9658105639,-6.5441396883355845,-1.4216708755644147,1.4216708755644147,1.3757829644226192,3,2.0211480784280895,0.240897750021578,0.4751944893356432,545.3340000000001,10.912199999999988,0,0,21,1.0,1.4216708755644154,-1.4216708755644154,High-error + high-uncertainty,Overprediction,< -6,5.055312474111757
B-1151,-8.4007,-6.979271588071888,-1.4214284119281129,1.4214284119281129,1.3538513383923243,3,2.0204587302364767,0.360540639358317,0.7115182555020159,226.44799999999992,6.487600000000007,0,0,13,1.0,1.4214284119281126,-1.4214284119281126,High-error + high-uncertainty,Overprediction,< -6,6.437930513194577
B-344,-1.8871,-3.3082058163411396,1.4211058163411396,1.4211058163411396,1.4211058163411396,2,2.019541741238617,0.4528639810448472,0.6404463839038952,234.38699999999992,2.3451000000000004,4,0,0,1.0,1.4211058163411396,1.4211058163411396,High-error + high-uncertainty,Underprediction,-2 to < 0,7.504621781490222
E-961,-1.89,-3.3082058163411396,1.4182058163411395,1.4182058163411395,1.4182058163411395,2,2.011307737503838,0.4528639810448472,0.6404463839038952,234.38699999999997,2.3451000000000004,4,0,0,1.0,1.4182058163411397,1.4182058163411397,High-error + high-uncertainty,Underprediction,-2 to < 0,7.499989951133768
A-701,-4.6439814041,-3.22655848770685,-1.41742291639315,1.41742291639315,1.352571981868941,3,2.009087723916463,0.177285441634287,0.3363087571501331,220.26800000000003,2.9053000000000018,1,1,5,0.3076923076923077,1.41742291639315,-1.41742291639315,High-error + high-uncertainty,Overprediction,-6 to < -4,4.313204780057131
B-234,-3.069,-1.6532904028504924,-1.4157095971495075,1.4157095971495075,1.4157095971495075,2,2.004233663461221,0.2130080800398254,0.3012389156873749,281.303,0.7865,1,1,5,0.5,1.4157095971495075,-1.4157095971495075,High-error + high-uncertainty,Overprediction,-4 to < -2,4.723402139614999
D-1575,0.8210000000000001,-0.5945370861960484,1.4155370861960483,1.4155370861960483,1.2999082470957508,3,2.003745242396399,0.3013256407152363,0.568399931135414,151.118,-2.0211999999999994,0,0,4,1.0,1.4155370861960486,1.4155370861960486,High-error + high-uncertainty,Underprediction,>= 0,5.74402851862217
B-273,-3.3682,-4.781810093681041,1.413610093681041,1.413610093681041,1.413610093681041,2,1.9982934969569215,0.5993623845898733,0.8476264130632778,408.5790000000002,3.4487000000000023,4,0,4,0.9583333333333334,1.413610093681041,1.413610093681041,High-error + high-uncertainty,Underprediction,-4 to < -2,9.18608985617416
B-4430,-9.4728,-8.05925225031311,-1.4135477496868896,1.4135477496868896,1.5580271059512159,4,1.9981172406448695,0.3768077345565538,0.8178351011219798,356.4190000000001,6.851600000000001,3,2,0,0.0,1.4135477496868898,-1.4135477496868898,High-error + high-uncertainty,Overprediction,< -6,6.613382232878705
A-2797,-8.123728845599999,-6.711125396767137,-1.4126034488328612,1.4126034488328612,1.3228984355388462,3,1.9954485036544938,0.1862553050928443,0.3385604620605837,332.40600000000006,5.7707600000000046,3,3,4,0.0,1.4126034488328614,-1.4126034488328614,High-error + high-uncertainty,Overprediction,< -6,4.40919384470048
C-1677,-3.7099999999999995,-2.307341797899198,-1.4026582021008018,1.4026582021008018,1.4894727787897293,3,1.9674500319206538,0.2706606930600312,0.5200178178619583,242.344,1.494,1,0,5,0.7272727272727273,1.4026582021008016,-1.4026582021008016,High-error + high-uncertainty,Overprediction,-4 to < -2,5.368988835470175
H-519,-8.06,-6.658125074615818,-1.401874925384183,1.401874925384183,1.401874925384183,2,1.9652533064209083,0.2049856036775919,0.2898934208120867,320.04600000000005,6.199420000000003,2,2,2,0.1428571428571428,1.401874925384183,-1.401874925384183,High-error + high-uncertainty,Overprediction,< -6,4.608570271204287
A-1226,-2.3290690398,-0.929578927841013,-1.3994901119589869,1.3994901119589869,1.282002355718202,3,1.9585725734709776,0.2416024673664082,0.438265775929017,56.108,1.5824,0,0,0,0.5,1.3994901119589866,-1.3994901119589866,High-error + high-uncertainty,Overprediction,-4 to < -2,5.0280318789745255
H-25,-3.77,-5.1683587662813615,1.3983587662813608,1.3983587662813608,1.4360809071243117,4,1.9554072392359294,0.230747552554327,0.5539393173010714,504.5950000000003,3.8175000000000026,4,0,6,0.7142857142857143,1.3983587662813615,1.3983587662813615,High-error + high-uncertainty,Underprediction,-4 to < -2,4.900748131445661
B-4314,-0.9137,-2.3115985687771747,1.397898568777175,1.397898568777175,1.39410737182408,3,1.9541204085892743,0.151450859518196,0.3028305332561265,262.358,2.0055,0,0,7,1.0,1.3978985687771748,1.3978985687771748,High-error + high-uncertainty,Underprediction,-2 to < 0,3.9833874170284407
A-4691,-2.0087278867,-0.6121650333721927,-1.3965628533278072,1.3965628533278072,1.4230576019317729,3,1.9503878032951063,0.1498374833229686,0.2961404574243134,102.03000000000002,1.5182000000000002,0,0,0,1.0,1.3965628533278074,-1.3965628533278074,High-error + high-uncertainty,Overprediction,-4 to < -2,3.9626043031480833
B-1212,-4.6961,-3.301541645084061,-1.3945583549159395,1.3945583549159395,1.4098558808402335,3,1.9447930052658515,0.2531580001581049,0.5056222396987606,114.232,2.9345000000000017,0,0,2,1.0,1.3945583549159393,-1.3945583549159393,High-error + high-uncertainty,Overprediction,-6 to < -4,5.153730497038419
E-452,-1.53,-0.13572231195172016,-1.3942776880482797,1.3942776880482797,1.4798584243327289,3,1.944010271389256,0.1770543849735454,0.3215910970230309,107.156,1.1453,1,1,1,0.1428571428571428,1.39427768804828,-1.39427768804828,High-error + high-uncertainty,Overprediction,-2 to < 0,4.273566730988943
B-2552,-3.2671000000000006,-1.8756109895665567,-1.3914890104334436,1.3914890104334436,1.3923038735773363,3,1.9362416661570443,0.1557675935443058,0.31153198999221,218.264,0.7089999999999999,2,2,2,0.4,1.3914890104334439,-1.3914890104334439,High-error + high-uncertainty,Overprediction,-4 to < -2,4.023049226071199
C-807,-2.7900000000000005,-4.180844748014943,1.3908447480149428,1.3908447480149428,1.3602867529125169,3,1.93444911308075,0.1631477622529605,0.3219742165431176,324.4240000000001,3.1732000000000014,5,2,4,0.45,1.3908447480149424,1.3908447480149424,High-error + high-uncertainty,Underprediction,-4 to < -2,4.107330869208635
I-74,-2.7900000000000005,-4.180844748014943,1.3908447480149428,1.3908447480149428,1.3602867529125169,3,1.93444911308075,0.1631477622529605,0.3219742165431176,324.4240000000001,3.1732000000000014,5,2,4,0.45,1.3908447480149424,1.3908447480149424,High-error + high-uncertainty,Underprediction,-4 to < -2,4.107330869208635
F-375,-2.62,-1.230018882377321,-1.389981117622679,1.389981117622679,1.5249219464350976,3,1.932047507347592,0.3530289857059284,0.6662512867923627,244.316,-0.0677999999999999,1,0,4,0.7,1.389981117622679,-1.389981117622679,High-error + high-uncertainty,Overprediction,-4 to < -2,6.3008728921515
A-5884,-7.563214490099999,-6.173709279801019,-1.3895052102989816,1.3895052102989816,1.4256502812282337,3,1.930724729448017,0.4221454803782191,0.8419666430195365,460.8770000000001,4.977620000000003,4,3,5,0.0416666666666666,1.3895052102989798,-1.3895052102989798,High-error + high-uncertainty,Overprediction,< -6,7.099061041486861
A-5742,-8.1844134651,-6.795171360537825,-1.3892421045621755,1.3892421045621755,1.317504090276918,3,1.9299936250883425,0.3112559947995644,0.6099853679506504,581.0280000000002,6.030500000000004,5,4,8,0.0625,1.3892421045621752,-1.3892421045621752,High-error + high-uncertainty,Overprediction,< -6,5.81681999756518
F-367,-2.68,-4.06866295347915,1.3886629534791495,1.3886629534791495,1.3886629534791495,2,1.9283847983654345,0.1807573897988778,0.2556295521527332,302.4140000000001,3.202300000000002,4,0,0,0.7894736842105263,1.3886629534791495,1.3886629534791495,High-error + high-uncertainty,Underprediction,-4 to < -2,4.307403650535544
B-1526,-3.4792,-2.0918014476432063,-1.387398552356794,1.387398552356794,1.387398552356794,2,1.9248747430817277,0.1757529537799416,0.2485522108627251,301.416,1.4903000000000002,1,1,11,0.75,1.3873985523567938,-1.3873985523567938,High-error + high-uncertainty,Overprediction,-4 to < -2,4.247535672018472
E-773,-0.83,-2.2162634407260806,1.3862634407260808,1.3862634407260808,1.2280637803687342,3,1.921726327093712,0.3410413207819439,0.6246241528401155,162.27899999999997,1.7553,0,0,5,0.3333333333333333,1.3862634407260805,1.3862634407260805,High-error + high-uncertainty,Underprediction,-2 to < 0,6.156364339013393
B-2365,-2.4421,-3.825639205962297,1.3835392059622962,1.3835392059622962,1.3504778509846118,3,1.914180734434781,0.2430544835710905,0.4827243192104129,304.4390000000001,3.5218000000000025,0,0,7,1.0,1.3835392059622968,1.3835392059622968,High-error + high-uncertainty,Underprediction,-4 to < -2,5.019339865202063
A-5274,1.1774501829,-0.203460104314514,1.3809102872145143,1.3809102872145143,1.4142429939756669,3,1.9069132213348723,0.1709377851597656,0.3369654248750602,146.142,-1.4942000000000004,2,0,0,1.0,1.380910287214514,1.380910287214514,High-error + high-uncertainty,Underprediction,>= 0,4.18151205323967
B-2536,-0.5911,-1.9664413520974107,1.3753413520974107,1.3753413520974107,1.1816460285982957,3,1.891563834789134,0.3639695904532121,0.6460199811634586,390.3850000000001,-2.1507999999999976,3,0,4,0.8235294117647058,1.3753413520974107,1.3753413520974107,High-error + high-uncertainty,Underprediction,-2 to < 0,6.403957818864941
C-1738,-7.34,-5.965224985413989,-1.3747750145860111,1.3747750145860111,1.3747750145860111,2,1.8900063407299672,0.2056681932406871,0.2908587482297502,376.5810000000002,5.507100000000006,4,0,4,0.9583333333333334,1.3747750145860111,-1.3747750145860111,High-error + high-uncertainty,Overprediction,< -6,4.573177113521807
A-5940,-8.9148440789,-7.5410264812485055,-1.3738175976514948,1.3738175976514948,1.3898510516434277,5,1.8873747916169246,0.1501226996354041,0.4195064180077414,657.5580000000001,8.637240000000004,4,4,11,0.1764705882352941,1.3738175976514944,-1.3738175976514944,High-error + high-uncertainty,Overprediction,< -6,3.9295729121814675
B-1466,0.1139,-1.259224342150115,1.3731243421501151,1.3731243421501151,1.4281934908746967,3,1.8854704590051865,0.2004052902417069,0.3892958874733982,251.235,-2.6249999999999987,0,0,7,0.7777777777777778,1.3731243421501151,1.3731243421501151,High-error + high-uncertainty,Underprediction,>= 0,4.509704454453344
C-1613,-1.75,-0.3770206376628955,-1.3729793623371043,1.3729793623371043,1.3729793623371043,2,1.8850723294036014,0.1792678889653442,0.2535230798727839,109.13200000000002,0.2460000000000001,1,1,0,0.0,1.3729793623371045,-1.3729793623371045,High-error + high-uncertainty,Overprediction,-2 to < 0,4.2651362855381425
H-436,-8.03,-6.658125074615818,-1.3718749253841818,1.3718749253841818,1.3718749253841818,2,1.8820408108978544,0.2049856036775919,0.2898934208120867,320.04600000000005,6.199420000000002,2,2,2,0.1428571428571428,1.3718749253841818,-1.3718749253841818,High-error + high-uncertainty,Overprediction,< -6,4.560654784758213
C-1646,-2.98,-1.6090235174862775,-1.3709764825137225,1.3709764825137225,1.3709764825137225,2,1.8795765156056992,0.372565911838015,0.5268877653992197,210.233,0.6929999999999998,2,0,0,0.7,1.3709764825137225,-1.3709764825137225,High-error + high-uncertainty,Overprediction,-4 to < -2,6.496355020873326
A-2696,-6.8531467823000005,-5.4827834245486,-1.3703633577514005,1.3703633577514005,1.2684128317092238,3,1.8778957322676928,0.5596451551950761,1.105273300886461,356.54700000000025,5.820000000000007,0,0,16,0.9047619047619048,1.3703633577514003,-1.3703633577514003,High-error + high-uncertainty,Overprediction,< -6,8.657907814677507
A-5853,-7.5095589026,-6.139850977663507,-1.3697079249364932,1.3697079249364932,1.3697079249364932,2,1.876099799633834,0.6534922272067457,0.92417757062118,501.061,5.750900000000004,2,0,8,0.7647058823529411,1.3697079249364936,-1.3697079249364936,High-error + high-uncertainty,Overprediction,< -6,9.741680956651358
D-1540,0.835,-0.5337743316241336,1.3687743316241334,1.3687743316241334,1.3628909099806836,3,1.8735431709130932,0.3621433947636484,0.7242150989402629,146.238,-1.916999999999998,0,0,7,1.0,1.3687743316241336,1.3687743316241336,High-error + high-uncertainty,Underprediction,>= 0,6.3723592790923895
B-1467,-1.4648,-0.09604205585090969,-1.3687579441490902,1.3687579441490902,1.3899538947122108,3,1.873498309671244,0.2293681692852194,0.4572649378250967,52.076,0.8055999999999999,0,0,0,0.0,1.3687579441490905,-1.3687579441490905,High-error + high-uncertainty,Overprediction,-2 to < 0,4.837525301188778
A-4787,-2.8121429703,-4.180844748014943,1.3687017777149428,1.3687017777149428,1.3381437826125169,3,1.8733445563200448,0.1631477622529605,0.3219742165431176,324.4240000000001,3.1732000000000014,5,2,4,0.45,1.3687017777149428,1.3687017777149428,High-error + high-uncertainty,Underprediction,-4 to < -2,4.07196449609912
A-4788,-2.8121429703,-4.180844748014943,1.3687017777149428,1.3687017777149428,1.3381437826125169,3,1.8733445563200448,0.1631477622529605,0.3219742165431176,324.4240000000001,3.1732000000000014,5,2,4,0.45,1.3687017777149428,1.3687017777149428,High-error + high-uncertainty,Underprediction,-4 to < -2,4.07196449609912
D-1348,-3.0460000000000007,-1.67769432992655,-1.3683056700734502,1.3683056700734502,1.449852176500576,3,1.8722604067551534,0.1686947353595711,0.3064019530302233,244.31600000000003,0.7968000000000001,2,0,5,0.8,1.3683056700734506,-1.3683056700734506,High-error + high-uncertainty,Overprediction,-4 to < -2,4.13545176561102
E-664,-3.95,-5.316518605182063,1.3665186051820624,1.3665186051820624,1.3665186051820624,2,1.8673730983087293,0.1539838142085702,0.2177659984396989,392.58000000000027,4.477900000000004,4,0,4,0.9583333333333334,1.3665186051820628,1.3665186051820628,High-error + high-uncertainty,Underprediction,-4 to < -2,3.9625474246420875
A-2597,-5.7481975718,-4.382118954760845,-1.3660786170391552,1.3660786170391552,1.3660786170391552,2,1.866170787931611,0.3417143020662935,0.4832570004390089,364.008,3.6628000000000025,1,0,2,1.0,1.3660786170391548,-1.3660786170391548,High-error + high-uncertainty,Overprediction,-6 to < -4,6.131904773727738
A-5998,-7.7185099927,-6.352809616338202,-1.3657003763617974,1.3657003763617974,1.5922740160739286,3,1.8651375179947551,0.4878738319142502,0.8933513647101954,418.4080000000002,4.188800000000003,7,5,0,0.0769230769230769,1.3657003763617972,-1.3657003763617972,High-error + high-uncertainty,Overprediction,< -6,7.820823577217217
B-286,-3.9544,-5.316518605182063,1.3621186051820624,1.3621186051820624,1.3621186051820624,2,1.855367094583127,0.1539838142085702,0.2177659984396989,392.58000000000015,4.477900000000005,4,0,4,0.9583333333333334,1.3621186051820628,1.3621186051820628,High-error + high-uncertainty,Underprediction,-4 to < -2,3.9555198199633304
C-2310,-2.7000000000000006,-1.3460994536982251,-1.3539005463017755,1.3539005463017755,1.4559950864654208,3,1.833046689276246,0.2857216808461144,0.54339454379708,301.37500000000006,-2.163899999999998,1,1,3,0.6,1.3539005463017755,-1.3539005463017755,High-error + high-uncertainty,Overprediction,-4 to < -2,5.465210589519197
A-2312,-8.3860948559,-7.032288160666454,-1.3538066952335457,1.3538066952335457,1.3834960949163535,4,1.8327925680591746,0.1840270898071214,0.4279762819520938,413.5650000000001,6.378580000000007,3,2,8,0.4074074074074074,1.353806695233546,-1.353806695233546,High-error + high-uncertainty,Overprediction,< -6,4.289527746200752
B-364,-1.0911,-2.4446795712267138,1.3535795712267138,1.3535795712267138,1.3718620903108056,4,1.8321776556422944,0.1578070083147613,0.3735750390266679,173.171,1.933,2,2,1,0.0,1.3535795712267138,1.3535795712267138,High-error + high-uncertainty,Underprediction,-2 to < 0,3.9860754198699144
A-5361,0.9425469123,-0.4105172574261748,1.353064169726175,1.353064169726175,1.475302639078285,3,1.8307826473967832,0.2930472659976835,0.5465163037515239,114.144,1.1036,1,0,0,0.8333333333333334,1.3530641697261747,1.3530641697261747,High-error + high-uncertainty,Underprediction,>= 0,5.54855443563369
C-2106,-6.22,-4.868278693808623,-1.3517213061913766,1.3517213061913766,1.3438754945026794,4,1.8271504896117214,0.1660493650857282,0.3364087206930168,450.5720000000002,3.7947000000000033,4,0,2,0.7083333333333334,1.3517213061913766,-1.3517213061913766,High-error + high-uncertainty,Overprediction,< -6,4.078384493567159
C-1680,-1.6000000000000003,-2.951346146483191,1.3513461464831906,1.3513461464831906,1.2506901181418213,3,1.8261364076149689,0.3543522253611008,0.6869258259441713,280.36800000000005,2.1191999999999998,4,0,5,0.8666666666666667,1.3513461464831906,1.3513461464831906,High-error + high-uncertainty,Underprediction,-2 to < 0,6.254461692516764
B-3624,-5.2551,-3.9054350150564496,-1.3496649849435496,1.3496649849435496,1.3000080302557824,3,1.821595571582672,0.2852729407973959,0.564025853625691,162.276,3.809400000000003,1,1,5,0.5,1.34966498494355,-1.34966498494355,High-error + high-uncertainty,Overprediction,-6 to < -4,5.453258437890791
C-2571,-8.65,-7.300502059869732,-1.3494979401302687,1.3494979401302687,1.3494979401302687,2,1.8211446904158382,0.288349620364092,0.4077879438240321,540.6590000000001,7.093000000000002,3,3,4,0.05,1.3494979401302682,-1.3494979401302682,High-error + high-uncertainty,Overprediction,< -6,5.488556342409169
A-481,-3.8360757577,-5.1846856770040874,1.348609919304088,1.348609919304088,1.6379365510824715,3,1.8187487144453784,0.5567235535490428,0.994301141876254,438.7890000000002,5.921700000000004,0,0,27,0.925925925925926,1.3486099193040872,1.3486099193040872,High-error + high-uncertainty,Underprediction,-4 to < -2,8.589391504103922
B-2594,-3.3227999999999995,-4.67114581929813,1.34834581929813,1.34834581929813,1.2918282230199916,3,1.8180364484187452,0.15854835055819,0.3016083582921984,336.433,3.847600000000001,1,1,4,0.2222222222222222,1.3483458192981304,1.3483458192981304,High-error + high-uncertainty,Underprediction,-4 to < -2,3.9862856651461636
A-4629,-2.0452383746,-3.391566491603296,1.3463281170032961,1.3463281170032961,1.3441745180337705,4,1.812599398633641,0.1821457749272017,0.353038698377353,164.248,3.022100000000002,1,0,3,0.5454545454545454,1.3463281170032961,1.3463281170032961,High-error + high-uncertainty,Underprediction,-4 to < -2,4.255836134780435
B-4432,-8.8744,-7.528207911885897,-1.346192088114103,1.346192088114103,1.2727872576059394,4,1.8122331381010088,0.2529825190989981,0.5593029011141191,321.97400000000005,6.198200000000002,3,2,0,0.0,1.346192088114103,-1.346192088114103,High-error + high-uncertainty,Overprediction,< -6,5.074452260155698
B-1256,-5.1591,-3.8132785428070144,-1.3458214571929854,1.3458214571929854,1.2409354515593225,3,1.8112353946410507,0.3704078192782086,0.7181953688213243,114.232,3.2227000000000023,0,0,4,1.0,1.3458214571929852,-1.3458214571929852,High-error + high-uncertainty,Overprediction,-6 to < -4,6.431231494619659
F-1124,-2.33,-0.985878536133426,-1.344121463866574,1.344121463866574,1.344121463866574,2,1.8066625096268216,0.3809958242485736,0.5388094618598489,206.154,0.7142,1,0,4,1.0,1.344121463866574,-1.344121463866574,High-error + high-uncertainty,Overprediction,-4 to < -2,6.550907746549667
A-5496,-5.529966163099999,-6.873591370619928,1.3436252075199289,1.3436252075199289,1.3679517165506097,3,1.805328698282972,0.2464708278054268,0.4911375965159967,362.535,7.733800000000008,0,0,19,1.0,1.3436252075199286,1.3436252075199286,High-error + high-uncertainty,Underprediction,-6 to < -4,4.995080950547944
B-1541,-1.768,-3.1104544206754614,1.3424544206754612,1.3424544206754612,1.3424544206754612,2,1.802183871591088,0.2420930213574926,0.3423712341596454,442.4240000000002,-0.5944999999999991,4,1,1,0.3181818181818182,1.3424544206754614,1.3424544206754614,High-error + high-uncertainty,Underprediction,-2 to < 0,4.942605980684961
A-212,-7.2523945018000004,-7.653934999567085,0.40154049776708517,1.3423088981676425,1.411152600600836,3,0.16123477134703854,1.621986096354568,3.127018440033193,482.7900000000005,9.186800000000003,0,0,25,0.9333333333333332,0.4015404977670842,0.4015404977670842,High-error + high-uncertainty,Underprediction,< -6,20.89317049517145
C-144,-2.6,-1.2578359586859122,-1.3421640413140878,1.3421640413140878,1.4645730107504167,4,1.8014043137965645,0.2937052417170247,0.6301999915769327,210.233,0.7149999999999999,1,0,2,0.5,1.3421640413140878,-1.3421640413140878,High-error + high-uncertainty,Overprediction,-4 to < -2,5.538750770710552
B-4379,-5.8457,-4.504419525647846,-1.3412804743521536,1.3412804743521536,1.2569606242198723,5,1.799033310878338,0.1809932860438317,0.3841828941855016,350.4800000000001,3.919200000000004,2,1,6,0.5789473684210527,1.3412804743521543,-1.3412804743521543,High-error + high-uncertainty,Overprediction,-6 to < -4,4.234451995459143
A-6014,-6.9639720065,-5.623036612594172,-1.340935393905828,1.340935393905828,1.340935393905828,2,1.798107730629378,0.3243313513764131,0.4586737958193172,377.3600000000001,4.481800000000003,3,2,6,0.0526315789473684,1.340935393905828,-1.340935393905828,High-error + high-uncertainty,Overprediction,< -6,5.890809200400678
A-2745,-6.9799366685,-5.639121805530375,-1.3408148629696253,1.3408148629696253,1.5813362974505756,3,1.797784496760255,0.7576248678938932,1.4568562319153644,286.456,5.572400000000006,0,0,12,0.9411764705882352,1.3408148629696246,-1.3408148629696246,High-error + high-uncertainty,Overprediction,< -6,10.899248897436971
A-4531,1.0035890328,-0.33460312173905465,1.3381921545390547,1.3381921545390547,1.3381921545390547,2,1.7907582424698774,0.1845330140200826,0.2609690911327853,99.177,1.2778,1,0,0,1.0,1.3381921545390545,1.3381921545390545,High-error + high-uncertainty,Underprediction,>= 0,4.270436671786944
C-814,-7.23,-5.894004155983254,-1.335995844016747,1.335995844016747,1.4352952024835433,4,1.78488489523002,0.2962581743375898,0.6585414345808314,253.084,4.891400000000002,3,2,0,0.0,1.3359958440167468,-1.3359958440167468,High-error + high-uncertainty,Overprediction,< -6,5.558409513636656
B-169,-1.0417,0.2930033610795512,-1.3347033610795513,1.3347033610795513,1.4129402040690715,3,1.781433062077051,0.194644246085977,0.3649418026680598,40.065000000000005,0.6395,0,0,0,0.3333333333333333,1.3347033610795513,-1.3347033610795513,High-error + high-uncertainty,Overprediction,-2 to < 0,4.381744653001959
B-669,-1.6105,-2.9442879024313826,1.3337879024313828,1.3337879024313828,1.363885116546728,3,1.778990168672308,0.2056088937851534,0.4079001617083562,285.491,2.8607000000000014,0,0,9,1.0,1.3337879024313826,1.3337879024313826,High-error + high-uncertainty,Underprediction,-2 to < 0,4.507027730880175
H-434,-7.99,-6.658125074615818,-1.3318749253841826,1.3318749253841826,1.3318749253841826,2,1.773890816867122,0.2049856036775919,0.2898934208120867,320.04600000000005,6.199420000000003,2,2,2,0.1428571428571428,1.3318749253841826,-1.3318749253841826,High-error + high-uncertainty,Overprediction,< -6,4.496767469496785
B-915,-0.9473,-2.278404043222207,1.3311040432222065,1.3311040432222065,1.3484891593011754,5,1.7718379738825059,0.1865934986379725,0.492311394230041,354.31100000000004,-0.6459000000000004,2,1,4,0.375,1.3311040432222068,1.3311040432222068,High-error + high-uncertainty,Underprediction,-2 to < 0,4.282933718602356
B-2963,-8.4024,-7.071457153873382,-1.3309428461266184,1.3309428461266184,1.2601226613674066,4,1.7714088596556234,0.2343396796764895,0.5071857852578097,505.2060000000002,6.490180000000005,3,2,6,0.2727272727272727,1.330942846126618,-1.330942846126618,High-error + high-uncertainty,Overprediction,< -6,4.834595570698461
G-560,-8.402000000000001,-7.071457153873382,-1.3305428461266193,1.3305428461266193,1.2597226613674075,4,1.7703442653787247,0.2343396796764895,0.5071857852578097,505.2060000000002,6.490180000000005,3,2,6,0.2727272727272727,1.3305428461266189,-1.3305428461266189,High-error + high-uncertainty,Overprediction,< -6,4.833956697545849
C-772,-4.48,-5.810003700903018,1.3300037009030177,1.3300037009030177,1.3562661466610826,4,1.7689098444157236,0.2487269336347332,0.5137178641293527,392.5390000000001,5.743900000000005,5,1,2,0.6153846153846154,1.330003700903018,1.330003700903018,High-error + high-uncertainty,Underprediction,-6 to < -4,4.999404242700725
A-4914,-2.8690757364000006,-1.5412470203174113,-1.3278287160825888,1.3278287160825888,1.453131515596867,3,1.7631290992535362,0.2413749257944609,0.4312134558554266,105.782,0.1563999999999998,3,0,0,0.0,1.3278287160825892,-1.3278287160825892,High-error + high-uncertainty,Overprediction,-4 to < -2,4.910945270119881
B-2975,-1.5656,-2.892644876549975,1.3270448765499747,1.3270448765499747,1.4664362962358248,3,1.7610481043775377,0.3141787070062884,0.580123380065364,367.814,0.6213000000000004,3,1,4,0.2666666666666666,1.327044876549975,1.327044876549975,High-error + high-uncertainty,Underprediction,-2 to < 0,5.7512645782404
B-2880,-4.6442,-3.320698218142228,-1.323501781857772,1.323501781857772,1.323501781857772,2,1.7516569665806971,0.1519623058950658,0.214907153966291,260.051,2.388100000000001,2,1,1,0.0,1.3235017818577717,-1.3235017818577717,High-error + high-uncertainty,Overprediction,-6 to < -4,3.8704741783513015
B-3437,-6.226400000000001,-4.903923297001928,-1.3224767029980722,1.3224767029980722,1.3251409896535202,3,1.7489446299726512,0.1551882327373916,0.3103421580296048,336.826,4.025880000000003,3,3,6,0.2105263157894736,1.322476702998073,-1.322476702998073,High-error + high-uncertainty,Overprediction,< -6,3.9061268611269186
A-5005,-4.1007061575,-5.420945925469878,1.3202397679698785,1.3202397679698785,1.3475073583773778,5,1.7430330449291587,0.1564898820201851,0.3946919643684659,340.46300000000014,4.370100000000003,5,0,0,0.7272727272727273,1.3202397679698779,1.3202397679698779,High-error + high-uncertainty,Underprediction,-6 to < -4,3.9176004089868584
B-1203,-4.6776,-3.357615008628546,-1.3199849913714543,1.3199849913714543,1.340325324345843,3,1.7423603774458982,0.2856584881668482,0.5702296905726238,114.232,3.0786000000000016,0,0,1,1.0,1.319984991371454,-1.319984991371454,High-error + high-uncertainty,Overprediction,-6 to < -4,5.410310773519709
C-1908,-1.99,-3.3091767647971047,1.3191767647971049,1.3191767647971049,1.3191767647971049,2,1.740227336780556,0.1739356569686645,0.2459821650653597,246.354,2.7262400000000007,2,1,2,0.5333333333333333,1.3191767647971047,1.3191767647971047,High-error + high-uncertainty,Underprediction,-2 to < 0,4.117566059777029
B-1543,-1.8438,-3.160174097344976,1.316374097344976,1.316374097344976,1.4407719620509238,3,1.7328407641608004,0.2662791034046058,0.4870254176217554,230.291,2.873600000000001,0,0,7,1.0,1.316374097344976,1.316374097344976,High-error + high-uncertainty,Underprediction,-2 to < 0,5.180528599472739
F-113,-2.32,-1.0055542709823986,-1.3144457290176013,1.3144457290176013,1.4177399167546012,3,1.7277675745326133,0.2462114127699839,0.4587713716569791,200.263,0.3236999999999997,1,0,2,0.625,1.3144457290176013,-1.3144457290176013,High-error + high-uncertainty,Overprediction,-4 to < -2,4.94547729337667
B-1123,-4.6704,-3.357615008628546,-1.3127849913714544,1.3127849913714544,1.333125324345843,3,1.7234044335701497,0.2856584881668482,0.5702296905726238,114.232,3.0786000000000016,0,0,1,1.0,1.312784991371454,-1.312784991371454,High-error + high-uncertainty,Overprediction,-6 to < -4,5.398811056772652
B-2044,-1.8077,-3.119989580931043,1.3122895809310433,1.3122895809310433,1.3122895809310433,2,1.7221039442201733,0.154088115373942,0.2179135025623391,385.32800000000015,0.8443999999999996,3,2,6,0.1578947368421052,1.312289580931043,1.312289580931043,High-error + high-uncertainty,Underprediction,-2 to < 0,3.8771394189224084
A-1423,-5.082600348500001,-3.771352214179887,-1.3112481343201137,1.3112481343201137,1.2666161143589494,3,1.7193716697579788,0.3167656291157315,0.6287971084053261,314.46600000000007,4.7938000000000045,0,0,15,0.8888888888888888,1.3112481343201137,-1.3112481343201137,High-error + high-uncertainty,Overprediction,-6 to < -4,5.755937673624734
A-2728,-6.855595468500002,-5.545217304711888,-1.3103781637881131,1.3103781637881131,1.2357622743224876,3,1.717090932132707,1.015406725041016,2.0266969867624134,358.56300000000005,5.000200000000006,0,0,18,0.9523809523809524,1.3103781637881138,-1.3103781637881138,High-error + high-uncertainty,Overprediction,< -6,13.830450904443918
B-457,0.534,-0.7751773933071838,1.309177393307184,1.309177393307184,1.3629646295825646,3,1.7139454471465931,0.1833627324274962,0.3546947507571538,292.42,-0.8863999999999979,0,0,11,1.0,1.3091773933071837,1.3091773933071837,High-error + high-uncertainty,Underprediction,>= 0,4.210566987120219
F-1012,-0.3,-1.6062818019719447,1.3062818019719447,1.3062818019719447,1.4272701813319002,3,1.7063721461630708,0.2422064694224355,0.4367394320414397,237.26299999999995,-0.6006000000000002,2,2,5,0.5,1.3062818019719447,1.3062818019719447,High-error + high-uncertainty,Underprediction,-2 to < 0,4.886143089882605
F-171,-2.56,-1.2573183303346946,-1.3026816696653054,1.3026816696653054,1.3374318780432115,3,1.6969795324819879,0.1657736443919556,0.3260381476959997,208.239,-1.456599999999999,0,0,6,0.6666666666666666,1.3026816696653054,-1.3026816696653054,High-error + high-uncertainty,Overprediction,-4 to < -2,3.9968720476288917
B-756,1.1189,-0.18098986154483498,1.2998898615448349,1.2998898615448349,1.3344555190116478,3,1.68971365214705,0.1558359230091605,0.3058675948382386,76.05499999999999,-0.9561000000000002,0,0,0,0.0,1.2998898615448349,1.2998898615448349,High-error + high-uncertainty,Underprediction,>= 0,3.8775384841362106
B-1993,-2.391,-1.0921687778277829,-1.2988312221722171,1.2988312221722171,1.3679879965741788,3,1.6869625436893754,0.1862287484653448,0.3526706802143088,113.18499999999996,1.6653,0,0,3,0.4,1.2988312221722171,-1.2988312221722171,High-error + high-uncertainty,Overprediction,-4 to < -2,4.227171812031365
G-686,-1.8,-3.0982932345124006,1.2982932345124003,1.2982932345124003,1.2982932345124003,2,1.6855653227806704,0.1672484588964659,0.2365250388573812,306.276,0.7357999999999993,3,3,5,0.2307692307692307,1.2982932345124005,1.2982932345124005,High-error + high-uncertainty,Underprediction,-2 to < 0,4.006910950030075
G-550,-8.176,-6.877964825920343,-1.2980351740796574,1.2980351740796574,1.2815389101387693,4,1.6848953131480064,0.2689954423864928,0.5363528473065875,449.8560000000001,6.543980000000005,3,2,6,0.3043478260869565,1.298035174079657,-1.298035174079657,High-error + high-uncertainty,Overprediction,< -6,5.182637353935229
B-3550,-3.5832,-2.285250521452685,-1.297949478547315,1.297949478547315,1.3562514198559263,3,1.6846728488612466,0.2999785566586972,0.5913976570287396,86.178,2.2984,0,0,1,1.0,1.2979494785473151,-1.2979494785473151,High-error + high-uncertainty,Overprediction,-4 to < -2,5.540648061680978
F-470,-2.56,-1.265402001589088,-1.294597998410912,1.294597998410912,1.3898176623444856,3,1.6759839774895395,0.318691984118026,0.6156768387437264,258.343,0.3223,1,0,5,0.7272727272727273,1.294597998410912,-1.294597998410912,High-error + high-uncertainty,Overprediction,-4 to < -2,5.751611954647384
B-509,-1.2753,0.019078667494845297,-1.2943786674948452,1.2943786674948452,1.30870330015751,3,1.675416134865731,0.1771649264321987,0.3534601240990908,54.09199999999999,1.0295999999999998,0,0,0,0.5,1.2943786674948454,-1.2943786674948454,High-error + high-uncertainty,Overprediction,-2 to < 0,4.115287523296945
B-3862,-4.8102,-3.520861103861155,-1.2893388961388454,1.2893388961388454,1.2022791723873785,3,1.6623947890965365,0.2172830543064363,0.4075653521288211,226.101,3.3918000000000026,0,0,5,1.0,1.2893388961388452,-1.2893388961388452,High-error + high-uncertainty,Overprediction,-6 to < -4,4.570981345532807
B-2856,-7.1806,-5.894004155983254,-1.2865958440167466,1.2865958440167466,1.385895202483543,4,1.6553288658411647,0.2962581743375898,0.6585414345808314,253.084,4.891400000000002,3,2,0,0.0,1.2865958440167464,-1.2865958440167464,High-error + high-uncertainty,Overprediction,< -6,5.47950867928879
F-914,-1.04,-2.3258212316455182,1.2858212316455182,1.2858212316455182,1.2858212316455182,2,1.6533362397503975,0.1935744687623388,0.2737556390528666,260.34,1.2512,2,2,4,0.3333333333333333,1.2858212316455182,1.2858212316455182,High-error + high-uncertainty,Underprediction,-2 to < 0,4.291304921425835
F-136,-2.85,-4.132922938198308,1.2829229381983076,1.2829229381983076,1.354124365225463,3,1.6458912653553786,0.2557257839317116,0.4963605309025323,266.3179999999999,4.544600000000004,0,0,12,1.0,1.282922938198308,1.282922938198308,High-error + high-uncertainty,Underprediction,-4 to < -2,5.005110473617485
A-4509,0.8234052513,-0.4583496991533471,1.2817549504533472,1.2817549504533472,1.287412665090473,3,1.6428957530116626,0.1534451438309515,0.3067337924918938,150.174,-0.9958000000000002,0,0,7,1.0,1.281754950453347,1.281754950453347,High-error + high-uncertainty,Underprediction,>= 0,3.820937636184845
B-3126,-6.8395,-8.120848212260887,1.2813482122608864,1.2813482122608864,1.1573491567200571,3,1.6418532410641695,0.2583497090668893,0.4699478602725335,483.77900000000005,6.636000000000001,3,3,0,0.0,1.2813482122608866,1.2813482122608866,High-error + high-uncertainty,Underprediction,< -6,5.032926464374579
C-2275,-2.68,-1.3987803733736845,-1.2812196266263158,1.2812196266263158,1.3552134878142104,4,1.6415237316524762,0.2337774862786698,0.4966725948506585,287.34800000000007,-1.5961999999999987,1,1,4,0.5,1.2812196266263156,-1.2812196266263156,High-error + high-uncertainty,Overprediction,-4 to < -2,4.748679852511227
C-1737,-3.2999999999999994,-2.0223836056641207,-1.2776163943358794,1.2776163943358794,1.3188947306697596,3,1.632303651075813,0.2040219243424504,0.4017313521473118,160.22,1.6691,2,2,2,0.2,1.2776163943358787,-1.2776163943358787,High-error + high-uncertainty,Overprediction,-4 to < -2,4.398967075071092
F-151,-2.77,-1.498237308475461,-1.271762691524539,1.271762691524539,1.2901833447834563,3,1.6173803435537397,0.1624934273449409,0.3234169048175537,324.468,0.837,0,0,13,0.8333333333333334,1.271762691524539,-1.271762691524539,High-error + high-uncertainty,Overprediction,-4 to < -2,3.909571299256054
B-2254,-2.9374,-1.6690974442589375,-1.2683025557410623,1.2683025557410623,1.2683025557410623,2,1.6085913728993104,0.2332271462139386,0.3298329932893249,259.69699999999995,0.9318,1,1,6,0.5555555555555556,1.2683025557410623,-1.2683025557410623,High-error + high-uncertainty,Overprediction,-4 to < -2,4.7216873027691
A-500,-3.7584891954000006,-2.491049806100508,-1.2674393892994922,1.2674393892994922,1.3932423350906595,6,1.6064026055478697,0.2445182229963471,0.6166396791613336,358.40100000000007,-0.2170999999999993,2,2,6,0.0,1.2674393892994926,-1.2674393892994926,High-error + high-uncertainty,Overprediction,-4 to < -2,4.85082723962278
G-238,-5.08,-3.8132785428070144,-1.2667214571929857,1.2667214571929857,1.1618354515593228,3,1.604583250113121,0.3704078192782086,0.7181953688213243,114.232,3.2227000000000023,0,0,4,1.0,1.2667214571929857,-1.2667214571929857,High-error + high-uncertainty,Overprediction,-6 to < -4,6.304894328690183
A-2709,-7.1238862525,-5.857628773679288,-1.266257478820713,1.266257478820713,1.2368086144061614,3,1.6034080026693887,0.1579817196384397,0.311819159311538,665.0529999999999,11.118799999999991,0,0,36,0.8536585365853658,1.2662574788207124,-1.2662574788207124,High-error + high-uncertainty,Overprediction,< -6,3.8486256344885055
A-5019,-4.1161961212,-2.8509615741069787,-1.2652345470930213,1.2652345470930213,1.2868591456416656,3,1.6008184591576828,0.1566016297833244,0.3109556431647502,240.444,2.0608,0,0,0,0.6666666666666666,1.265234547093021,-1.265234547093021,High-error + high-uncertainty,Overprediction,-6 to < -4,3.8310387538347244
B-3495,-5.5186,-6.783003363594635,1.264403363594635,1.264403363594635,1.1676862852600856,5,1.5987158658694267,0.150504217727539,0.3443933125547662,528.066,6.146220000000002,2,2,3,0.2307692307692307,1.264403363594635,1.264403363594635,High-error + high-uncertainty,Underprediction,-6 to < -4,3.7592285076297296
B-1271,-4.5961,-3.33208312856814,-1.2640168714318598,1.2640168714318598,1.2291410093745494,3,1.5977386512643867,0.1591194757613576,0.3124532813134717,100.20499999999998,2.832600000000001,0,0,3,1.0,1.2640168714318598,-1.2640168714318598,High-error + high-uncertainty,Overprediction,-6 to < -4,3.8581988030878676
A-4997,-3.9963835519,-5.258479414700089,1.2620958628000882,1.2620958628000882,1.2620958628000882,2,1.5928859668970992,0.3047021148615407,0.4309138633209555,308.42100000000005,4.8807000000000045,2,2,6,0.238095238095238,1.2620958628000887,1.2620958628000887,High-error + high-uncertainty,Underprediction,-4 to < -2,5.537984987627846
F-347,-1.91,-3.1714897197667122,1.261489719766712,1.261489719766712,1.261489719766712,2,1.5913563130770978,0.1709797791042285,0.2418019225007559,230.31100000000004,2.607820000000001,2,2,2,0.3571428571428571,1.2614897197667123,1.2614897197667123,High-error + high-uncertainty,Underprediction,-2 to < 0,3.99126099386463
F-704,-2.7099999999999995,-3.9713370927727696,1.2613370927727698,1.2613370927727698,1.295760445768564,3,1.590971261604463,0.1579714046784943,0.3102659457464956,216.394,3.753770000000002,0,0,9,0.9090909090909092,1.26133709277277,1.26133709277277,High-error + high-uncertainty,Underprediction,-4 to < -2,3.8406476429187313
B-1401,-1.3662,-2.6270442715932814,1.260844271593281,1.260844271593281,1.3340268742505392,3,1.5897282772095915,0.5438925885891542,1.0803747089291629,232.36399999999995,2.472700000000001,0,0,10,1.0,1.2608442715932813,1.2608442715932813,High-error + high-uncertainty,Underprediction,-2 to < 0,8.300894891082454
B-2190,-2.8126,-4.073172400891432,1.2605724008914312,1.2605724008914312,1.3330005423981939,4,1.5890427778891871,0.3293032618528396,0.7140968411957505,452.6400000000004,2.706400000000001,1,0,0,0.8333333333333334,1.2605724008914314,1.2605724008914314,High-error + high-uncertainty,Underprediction,-4 to < -2,5.819927325145901
C-1455,-8.94,-7.682220903153852,-1.2577790968461475,1.2577790968461475,1.2454332806498982,6,1.5820082564631106,0.1768516502605078,0.4506307732368659,376.881,7.399300000000001,2,2,2,0.0,1.2577790968461473,-1.2577790968461473,High-error + high-uncertainty,Overprediction,< -6,4.053210017173479
B-291,-3.6478,-2.391509260079288,-1.2562907399207122,1.2562907399207122,1.3120828273142415,4,1.5782664232105303,0.183415316651458,0.4045963423576939,376.36900000000014,-1.7235599999999989,3,1,5,0.4117647058823529,1.2562907399207122,-1.2562907399207122,High-error + high-uncertainty,Overprediction,-4 to < -2,4.126705174069961
A-5999,-6.771509906800001,-5.516692758194875,-1.2548171486051256,1.2548171486051256,1.370316883177063,3,1.5745660764334979,0.4075446573459165,0.7901582277406458,425.4440000000002,3.5328200000000027,6,5,4,0.2,1.2548171486051265,-1.2548171486051265,High-error + high-uncertainty,Overprediction,< -6,6.715162176540673
B-1982,-4.1009,-5.355024760491539,1.2541247604915398,1.2541247604915398,1.1228995491489862,3,1.572828914877962,0.6886110515541541,1.358337422371326,378.4330000000002,5.158400000000005,0,0,14,1.0,1.254124760491539,1.254124760491539,High-error + high-uncertainty,Underprediction,-6 to < -4,9.963027593845505
C-2087,-1.87,-3.1223996108157515,1.2523996108157516,1.2523996108157516,1.313426448211247,3,1.568504785171446,0.2352841561325468,0.4585430316344694,299.36999999999995,2.044,4,1,1,0.5,1.2523996108157514,1.2523996108157514,High-error + high-uncertainty,Underprediction,-2 to < 0,4.720065282649186
B-4431,-8.6456,-7.395029215449893,-1.2505707845501062,1.2505707845501062,1.182621315106835,3,1.563927287170268,0.2695314556535978,0.5260583913921755,305.975,6.1996,3,3,0,0.0,1.2505707845501073,-1.2505707845501073,High-error + high-uncertainty,Overprediction,< -6,5.11302405892362
B-1246,0.9621,-0.2833247170930583,1.2454247170930581,1.2454247170930581,1.2454247170930581,2,1.5510827259463238,0.2091984049930647,0.2958512215680116,109.128,0.5739,1,1,1,0.1666666666666666,1.2454247170930581,1.2454247170930581,High-error + high-uncertainty,Underprediction,>= 0,4.4073883182520674
A-5370,0.9620638041,-0.2833247170930583,1.2453885211930582,1.2453885211930582,1.2453885211930582,2,1.5509925687194324,0.2091984049930647,0.2958512215680116,109.128,0.5739,1,1,1,0.1666666666666666,1.2453885211930582,1.2453885211930582,High-error + high-uncertainty,Underprediction,>= 0,4.407330506780205
C-1427,-3.55,-2.3053610331961236,-1.2446389668038766,1.2446389668038766,1.2446389668038766,2,1.5491261576866215,0.1712330916937199,0.2421601606003345,336.348,1.1945999999999994,2,2,8,0.5333333333333333,1.2446389668038762,-1.2446389668038762,High-error + high-uncertainty,Overprediction,-4 to < -2,3.967275412423431
C-438,-2.27,-1.0265301124242778,-1.2434698875757222,1.2434698875757222,1.2017276535495356,3,1.5462173613075791,0.1589128752870436,0.3094930781511779,246.306,-0.2809999999999997,0,0,7,1.0,1.2434698875757222,-1.2434698875757222,High-error + high-uncertainty,Overprediction,-4 to < -2,3.822993325560387
B-1793,-6.1611,-4.917890365160441,-1.2432096348395587,1.2432096348395587,1.2299808416246183,4,1.545570196157909,0.1507039366042739,0.3575214554015771,197.064,4.146600000000001,2,2,0,0.0,1.243209634839559,-1.243209634839559,High-error + high-uncertainty,Overprediction,< -6,3.727686886068561
B-2026,0.966,-0.2768435981862134,1.2428435981862136,1.2428435981862136,1.2428435981862136,2,1.5446602095524544,0.200032718735652,0.2828889837543218,108.14399999999998,0.5403000000000001,1,1,1,0.1666666666666666,1.2428435981862134,1.2428435981862134,High-error + high-uncertainty,Underprediction,>= 0,4.2973155608824065
B-2027,0.966,-0.2768435981862134,1.2428435981862136,1.2428435981862136,1.2428435981862136,2,1.5446602095524544,0.200032718735652,0.2828889837543218,108.14399999999998,0.5403000000000001,1,1,1,0.1666666666666666,1.2428435981862134,1.2428435981862134,High-error + high-uncertainty,Underprediction,>= 0,4.2973155608824065
H-453,-8.77,-7.528207911885897,-1.241792088114103,1.241792088114103,1.1683872576059393,4,1.542047590102784,0.2529825190989981,0.5593029011141191,321.97400000000005,6.198200000000001,3,2,0,0.0,1.241792088114103,-1.241792088114103,High-error + high-uncertainty,Overprediction,< -6,4.907706367323366
B-4615,-3.8642,-2.625099769649866,-1.2391002303501342,1.2391002303501342,1.2391002303501342,2,1.5353693808537556,0.1607622271742633,0.2273521219871477,241.364,2.2341,1,1,5,0.7,1.2391002303501337,-1.2391002303501337,High-error + high-uncertainty,Overprediction,-4 to < -2,3.8373916637050876
F-912,-1.92,-3.1541361624999853,1.2341361624999851,1.2341361624999851,1.2341361624999851,2,1.5230920675901898,0.2234044638467404,0.3159416226667502,366.46400000000006,1.4587000000000003,3,2,5,0.3125,1.2341361624999854,1.2341361624999854,High-error + high-uncertainty,Underprediction,-2 to < 0,4.553572576082958
B-2997,-5.4025,-6.635949477464646,1.2334494774646454,1.2334494774646454,1.2016341492532918,4,1.5213976134578067,0.178324161658639,0.3598251093129674,378.92500000000007,6.389500000000006,2,2,9,0.4210526315789473,1.2334494774646458,1.2334494774646458,High-error + high-uncertainty,Underprediction,-6 to < -4,4.0313725788576225
A-2801,-8.85998044,-7.627862999259772,-1.2321174407402273,1.2321174407402273,1.1041149575697815,3,1.5181133877762476,0.4772982261179122,0.9284936615442358,434.6420000000004,8.793500000000003,0,0,21,1.0,1.232117440740227,-1.232117440740227,High-error + high-uncertainty,Overprediction,< -6,7.485219074567214
A-2464,-4.7999839607,-6.029599390947048,1.229615430247048,1.229615430247048,1.471141050378236,3,1.5119541063016326,0.519420163532968,0.9508866123777304,296.539,7.060400000000008,0,0,17,0.9,1.2296154302470486,1.2296154302470486,High-error + high-uncertainty,Underprediction,-6 to < -4,7.968129089495305
B-1174,-3.3572,-2.128630102159991,-1.228569897840009,1.228569897840009,1.2570234760443673,3,1.5093839938786102,0.2796385742596262,0.557101526221147,224.176,0.5468999999999999,2,1,3,0.25,1.2285698978400093,-1.2285698978400093,High-error + high-uncertainty,Overprediction,-4 to < -2,5.194717292387787
F-844,-1.35,-2.577503992411404,1.2275039924114037,1.2275039924114037,1.176353961653407,5,1.5067660513859356,0.1616114528728229,0.4100991793562474,231.29899999999995,1.6259999999999992,3,1,0,0.4615384615384615,1.2275039924114037,1.2275039924114037,High-error + high-uncertainty,Underprediction,-2 to < 0,3.828686928016773
C-583,-4.96,-3.7343890883483466,-1.2256109116516534,1.2256109116516534,1.2256109116516534,2,1.502122106759597,0.2617837395968084,0.3702181149465531,213.236,3.128400000000001,2,2,3,0.0,1.2256109116516534,-1.2256109116516534,High-error + high-uncertainty,Overprediction,-6 to < -4,4.983599286116275
A-2703,-6.6820204584,-5.45666758533996,-1.2253528730600403,1.2253528730600403,1.2253528730600403,2,1.5014896635164952,0.2778858717015514,0.3929899685522038,240.43099999999995,5.476400000000005,1,0,13,1.0,1.2253528730600403,-1.2253528730600403,High-error + high-uncertainty,Overprediction,< -6,5.169318848139041
C-2485,-4.8,-3.5763995890049216,-1.2236004109950782,1.2236004109950782,1.2236004109950782,2,1.4971979657873242,0.1860300503749105,0.2630862202491486,356.40700000000004,1.6745999999999994,3,3,5,0.0588235294117647,1.2236004109950782,-1.2236004109950782,High-error + high-uncertainty,Overprediction,-6 to < -4,4.104717608775076
B-1258,-4.4657,-3.2435550921449106,-1.2221449078550892,1.2221449078550892,1.2221449078550892,2,1.4936381757961246,0.3295836366631384,0.4661016489052567,112.216,2.832600000000001,1,0,0,1.0,1.2221449078550894,-1.2221449078550894,High-error + high-uncertainty,Overprediction,-6 to < -4,5.7617925680500885
F-855,-3.37,-4.589733970839626,1.2197339708396266,1.2197339708396266,1.2197339708396266,2,1.4877509596202032,0.1805004374791836,0.2552661666973383,386.498,2.916300000000001,3,3,7,0.1052631578947368,1.2197339708396262,1.2197339708396262,High-error + high-uncertainty,Underprediction,-4 to < -2,4.034622945278401
F-1084,-3.98,-2.7603848595423655,-1.2196151404576345,1.2196151404576345,1.2196151404576345,2,1.4874610908334955,0.1968426387033039,0.2783775293075194,364.35200000000015,1.4307999999999998,4,2,3,0.4117647058823529,1.2196151404576345,-1.2196151404576345,High-error + high-uncertainty,Overprediction,-4 to < -2,4.223339913849369
A-6006,-6.733128222,-5.520103715284685,-1.2130245067153151,1.2130245067153151,1.26108811219839,3,1.4714284538919336,0.4244757137382494,0.8448598674918149,270.45699999999994,5.639100000000005,0,0,13,0.9411764705882352,1.2130245067153158,-1.2130245067153158,High-error + high-uncertainty,Overprediction,< -6,6.844125285195448
B-1070,-3.0513999999999997,-4.263973218398387,1.2125732183983875,1.2125732183983875,1.213569183273517,3,1.4703338099770236,0.1980034150682627,0.3960030728121708,326.4400000000001,3.3972000000000024,5,2,4,0.55,1.2125732183983877,1.2125732183983877,High-error + high-uncertainty,Underprediction,-4 to < -2,4.225510606050622
A-2438,-6.654998170599999,-5.442467088372904,-1.2125310822270947,1.2125310822270947,1.2754970190019046,3,1.4702316253668095,0.550265696420229,1.0951142493117194,374.5870000000002,5.238800000000006,0,0,16,0.9,1.2125310822270947,-1.2125310822270947,High-error + high-uncertainty,Overprediction,< -6,8.29739947614262
A-3690,-0.790860844,-2.002147889117032,1.2112870451170321,1.2112870451170321,1.0670714321539383,3,1.467216305668351,0.4118457379732252,0.784903317918761,248.36299999999997,1.8532,0,0,12,1.0,1.211287045117032,1.211287045117032,High-error + high-uncertainty,Underprediction,-2 to < 0,6.695354741736302
A-1718,-1.2604846902,-2.4655627218048908,1.2050780316048908,1.2050780316048908,1.111276930208397,3,1.4522130622567182,0.376486013130008,0.7352352905434616,252.30999999999997,1.6646,4,0,3,0.9285714285714286,1.2050780316048908,1.2050780316048908,High-error + high-uncertainty,Underprediction,-2 to < 0,6.276699046975874
F-442,-2.82,-4.024695293322799,1.204695293322799,1.204695293322799,1.1601285863384012,3,1.4512907497541048,0.265677248405211,0.5257176306405915,243.391,4.048800000000002,0,0,10,0.9285714285714286,1.2046952933227995,1.2046952933227995,High-error + high-uncertainty,Underprediction,-4 to < -2,4.995200016203114
B-583,-2.1792,-0.9766948839276077,-1.202505116072392,1.202505116072392,1.1361028188854922,3,1.4460185541802772,0.1609624200780047,0.300678910957154,90.191,1.7163,0,0,2,1.0,1.202505116072392,-1.202505116072392,High-error + high-uncertainty,Overprediction,-4 to < -2,3.781256692323895
A-5326,0.7794395394999999,-0.4159312853920476,1.1953708248920476,1.1953708248920476,1.1129780986992854,3,1.4289114090030943,0.4379160350518562,0.8641273812544814,166.173,-2.290599999999999,0,0,6,1.0,1.1953708248920476,1.1953708248920476,High-error + high-uncertainty,Underprediction,>= 0,6.971291770443527
F-440,-5.22,-4.024695293322799,-1.195304706677201,1.195304706677201,1.2398714136615987,3,1.4287533418046692,0.265677248405211,0.5257176306405915,243.391,4.048800000000002,0,0,10,0.9285714285714286,1.1953047066772005,-1.1953047066772005,High-error + high-uncertainty,Overprediction,-6 to < -4,4.980201531965187
B-521,1.2363,0.04155965248326437,1.1947403475167355,1.1947403475167355,1.0888454417152686,3,1.42740449798441,0.2055164314250711,0.3678407551083474,58.036,-0.6158000000000001,0,0,1,0.0,1.1947403475167355,1.1947403475167355,High-error + high-uncertainty,Underprediction,>= 0,4.283874542963272
A-659,0.6121583154,-0.582147233424825,1.194305548824825,1.194305548824825,1.194305548824825,2,1.4263657439537667,0.1849325156773801,0.2615340717947259,122.12699999999997,0.1805000000000001,1,1,1,0.0,1.194305548824825,1.194305548824825,High-error + high-uncertainty,Underprediction,>= 0,4.045241465355326
B-4477,-3.4584999999999995,-2.264196435547562,-1.1943035644524382,1.1943035644524382,1.2429322791699402,3,1.4263610040637993,0.1759374017731153,0.3416454619711344,254.355,1.5159999999999998,1,0,5,0.5833333333333334,1.1943035644524373,-1.1943035644524373,High-error + high-uncertainty,Overprediction,-4 to < -2,3.941259779103909
B-979,0.0119,-1.18237130005752,1.19427130005752,1.19427130005752,1.19427130005752,2,1.426283938141079,0.3682313699541529,0.5207577974803876,346.33200000000005,-2.8014999999999985,3,0,4,0.7333333333333333,1.19427130005752,1.19427130005752,High-error + high-uncertainty,Underprediction,>= 0,6.164019633530847
B-1368,-4.0326,-5.22619571474602,1.1935957147460206,1.1935957147460206,1.586267541754557,3,1.4246707302600636,0.7128623673643163,1.2530433065294924,227.43599999999995,4.859000000000005,0,0,12,1.0,1.1935957147460199,1.1935957147460199,High-error + high-uncertainty,Underprediction,-6 to < -4,10.14668336894221
A-2721,-7.0076009975,-5.815862139409194,-1.1917388580908066,1.1917388580908066,1.249168815492764,3,1.4202415058835796,0.2236744540189067,0.436149567810232,508.8280000000006,10.031199999999997,0,0,28,0.875,1.1917388580908064,-1.1917388580908064,High-error + high-uncertainty,Overprediction,< -6,4.488977263574962
A-4305,-1.3016357757,-2.492751513365318,1.1911157376653176,1.1911157376653176,1.550339841889153,3,1.4187567005139938,0.7924729471563917,1.45771314624404,336.4690000000001,2.643700000000001,0,0,20,1.0,1.1911157376653179,1.1911157376653179,High-error + high-uncertainty,Underprediction,-2 to < 0,11.062976443270108
A-2119,-6.2014353624,-7.392234276971972,1.190798914571972,1.190798914571972,1.183001211797467,4,1.4180020549457866,0.308157934135539,0.754481862578559,795.07,10.877799999999992,4,4,11,0.48,1.190798914571972,1.190798914571972,High-error + high-uncertainty,Underprediction,< -6,5.464058072320329
A-220,-8.1852587653,-6.995339611053652,-1.1899191542463483,1.1899191542463483,1.1899191542463483,2,1.4159075936423449,0.3363466284029422,0.4756659635459046,765.9999999999998,10.377099999999992,4,4,21,0.4545454545454545,1.1899191542463488,-1.1899191542463488,High-error + high-uncertainty,Overprediction,< -6,5.788498571379808
A-5552,-7.602120788300001,-6.412796141707016,-1.1893246465929839,1.1893246465929839,1.1893246465929839,2,1.414493114993526,0.3337361379834618,0.4719741725902304,400.0559999999999,5.082400000000002,1,0,0,1.0,1.1893246465929845,-1.1893246465929845,High-error + high-uncertainty,Overprediction,< -6,5.7573732157113024
A-2131,-5.9641687617,-7.15017634235673,1.1860075806567294,1.1860075806567294,1.1860075806567294,2,1.4066139813752285,0.3958704010113087,0.5598452900522686,377.53100000000006,7.733800000000007,4,4,6,0.1428571428571428,1.1860075806567298,1.1860075806567298,High-error + high-uncertainty,Underprediction,-6 to < -4,6.470312798374499
B-3082,-3.2899,-2.10564217946907,-1.1842578205309302,1.1842578205309302,1.0900744511978218,3,1.4024665854886689,0.1851269552785583,0.3323799589416112,185.18600000000004,1.45446,1,1,3,0.1,1.18425782053093,-1.18425782053093,High-error + high-uncertainty,Overprediction,-4 to < -2,4.031441019437368
I-70,-3.7900000000000005,-2.6072730430417974,-1.1827269569582024,1.1827269569582024,1.2586168675761709,3,1.3988430547156097,0.1748830990801969,0.324127378934218,248.326,1.9055999999999995,2,2,6,0.4285714285714285,1.182726956958203,-1.182726956958203,High-error + high-uncertainty,Overprediction,-4 to < -2,3.9105826666864134
C-2299,-1.58,-2.761295736186151,1.1812957361861516,1.1812957361861516,1.236737302411388,3,1.3954596163315818,0.2275511011260446,0.4448558336114967,347.39600000000013,0.4448999999999989,3,1,4,0.3125,1.1812957361861511,1.1812957361861511,High-error + high-uncertainty,Underprediction,-2 to < 0,4.517109573783347
B-3557,-5.2382,-4.062636137373496,-1.1755638626265033,1.1755638626265033,1.2804557505196956,3,1.3819503951133443,0.2240154397982389,0.4095421158252219,114.232,3.3668000000000022,0,0,5,1.0,1.175563862626504,-1.175563862626504,High-error + high-uncertainty,Overprediction,-6 to < -4,4.467084443784358
A-1440,-4.688326948,-3.513474721708145,-1.174852226291855,1.174852226291855,1.0570249496506023,3,1.3802777536229283,0.3735621948828234,0.7187106875653146,112.216,2.9987000000000013,0,0,1,0.75,1.1748522262918555,-1.1748522262918555,High-error + high-uncertainty,Overprediction,-6 to < -4,6.194625194401041
C-2270,-4.87,-3.696447323718862,-1.1735526762811381,1.1735526762811381,1.1735526762811381,2,1.3772258840066218,0.2524945877178767,0.3570812703764243,273.727,3.117100000000001,5,1,1,0.5384615384615384,1.1735526762811381,-1.1735526762811381,High-error + high-uncertainty,Overprediction,-6 to < -4,4.7930753313460555
B-3232,-6.060399999999999,-4.8924278554294425,-1.1679721445705569,1.1679721445705569,1.1466911614316455,3,1.3641589304927457,0.2036007628975593,0.4055298285943918,344.7540000000001,3.927400000000002,3,3,5,0.1176470588235294,1.1679721445705562,-1.1679721445705562,High-error + high-uncertainty,Overprediction,< -6,4.218976764084557
C-1860,-7.16,-5.993494393028307,-1.1665056069716937,1.1665056069716937,1.1665056069716937,2,1.3607353310963994,0.3239856306804573,0.4581848729223035,382.5440000000002,5.0895000000000055,4,0,1,0.76,1.1665056069716933,-1.1665056069716933,High-error + high-uncertainty,Overprediction,< -6,5.608216591601361
D-16,-7.456,-6.29016293512414,-1.1658370648758598,1.1658370648758598,1.2422781828790548,3,1.3591760618383597,0.4057804226536114,0.800687999205083,198.39399999999995,5.707400000000006,0,0,11,1.0,1.16583706487586,-1.16583706487586,High-error + high-uncertainty,Overprediction,< -6,6.552651137608345
A-4260,-1.0169828584,-2.180724585183196,1.1637417267831955,1.1637417267831955,1.1637417267831955,2,1.3542948066563338,0.1708242689745054,0.241581997966215,189.25800000000004,1.8515,2,1,2,0.4166666666666667,1.1637417267831958,1.1637417267831958,High-error + high-uncertainty,Underprediction,-2 to < 0,3.8333419621067826
B-224,-4.9058,-3.7423353939730375,-1.1634646060269633,1.1634646060269633,0.905847763953421,3,1.353649889477477,0.5726837241815373,1.0548778506585053,402.4840000000002,3.0984000000000016,0,0,15,0.8,1.1634646060269627,-1.1634646060269627,High-error + high-uncertainty,Overprediction,-6 to < -4,8.478171280274552
B-868,-8.4989,-7.336426463486933,-1.162473536513068,1.162473536513068,1.17443291214168,5,1.3513447230931994,0.1971550782094985,0.4833038088269239,252.316,5.640400000000003,5,4,0,0.0,1.162473536513068,-1.162473536513068,High-error + high-uncertainty,Overprediction,< -6,4.13568594922934
C-1523,-6.24,-7.40166942881128,1.1616694288112797,1.1616694288112797,1.1616694288112797,2,1.3494758618347247,0.3968236987902008,0.561193456700158,473.40700000000015,7.489800000000006,5,3,4,0.1111111111111111,1.1616694288112797,1.1616694288112797,High-error + high-uncertainty,Underprediction,< -6,6.442459911317085
A-1132,-4.9608754545,-3.7993964748720974,-1.1614789796279024,1.1614789796279024,1.127805149997505,3,1.3490334201174732,0.2049759080497801,0.405781605198408,282.37999999999994,3.5656000000000025,0,0,13,0.625,1.1614789796279026,-1.1614789796279026,High-error + high-uncertainty,Overprediction,-6 to < -4,4.224501905783521
A-5040,-4.366128471100001,-5.52730631688853,1.1611778457885293,1.1611778457885293,1.0264298346576828,3,1.3483339895500897,0.2676159515144662,0.4816659739994264,290.428,5.401400000000006,0,0,6,1.0,1.1611778457885293,1.1611778457885293,High-error + high-uncertainty,Underprediction,-6 to < -4,4.948105024278154
C-79,-1.74,-0.5794087512074007,-1.1605912487925993,1.1605912487925993,1.2394663293965533,4,1.3469720467739652,0.2442441679122629,0.5338966257033646,156.141,-0.6214000000000002,1,0,0,0.5,1.1605912487925993,-1.1605912487925993,High-error + high-uncertainty,Overprediction,-2 to < 0,4.677003294241331
F-203,-3.07,-4.230570499254637,1.1605704992546368,1.1605704992546368,1.284612672977404,3,1.346923883740157,0.2311158195613618,0.4092660572542907,234.386,3.878000000000003,0,0,9,0.8,1.160570499254637,1.160570499254637,High-error + high-uncertainty,Underprediction,-4 to < -2,4.5252137438225395
B-160,-3.2859,-2.1257960327106242,-1.1601039672893754,1.1601039672893754,0.9773555687480044,3,1.345841214920548,0.362431360558799,0.6521004776548633,289.7440000000001,0.8788,2,1,2,0.3,1.1601039672893756,-1.1601039672893756,High-error + high-uncertainty,Overprediction,-4 to < -2,6.042403269820732
A-1927,-4.296805043,-3.1408175803189806,-1.1559874626810196,1.1559874626810196,1.2527739731587415,3,1.3363070138757016,0.2317575424488381,0.4321381122932082,214.30499999999992,3.216800000000002,0,0,8,0.8333333333333334,1.1559874626810194,-1.1559874626810194,High-error + high-uncertainty,Overprediction,-6 to < -4,4.525311756142588
F-437,-2.2,-3.352880993479854,1.1528809934798536,1.1528809934798536,1.236038789383069,4,1.3291345851270944,0.1801032519115274,0.3727940691027425,351.121,1.7916999999999998,2,2,1,0.0,1.1528809934798536,1.1528809934798536,High-error + high-uncertainty,Underprediction,-4 to < -2,3.923255269871111
A-2007,-5.0103439368,-3.858521314346497,-1.1518226224535024,1.1518226224535024,1.229405869126988,3,1.3266953535956636,0.2024885603940819,0.3820327052343484,138.254,3.3888000000000025,1,0,1,0.8,1.151822622453503,-1.151822622453503,High-error + high-uncertainty,Overprediction,-6 to < -4,4.180326581086019
C-420,-3.63,-4.781810093681041,1.151810093681041,1.151810093681041,1.151810093681041,2,1.3266664919055282,0.5993623845898733,0.8476264130632778,408.5790000000002,3.4487000000000023,4,0,4,0.9583333333333334,1.151810093681041,1.151810093681041,High-error + high-uncertainty,Underprediction,-4 to < -2,8.767947377788103
C-254,-3.55,-2.399420401449341,-1.1505795985506588,1.1505795985506588,1.1890953866665317,4,1.3238334126009952,0.1751616671920798,0.4112281936954942,252.314,1.7412,1,0,2,0.6153846153846154,1.1505795985506588,-1.1505795985506588,High-error + high-uncertainty,Overprediction,-4 to < -2,3.8624575486840147
B-292,-5.2692,-6.418545161926821,1.149345161926821,1.149345161926821,1.273144263976727,3,1.3209943012445902,0.2270572839199254,0.4003016209301249,230.31,5.020600000000004,3,3,2,0.0,1.1493451619268216,1.1493451619268216,High-error + high-uncertainty,Underprediction,-6 to < -4,4.4603704111041065
A-793,-3.5976237668,-2.449819165978061,-1.147804600821939,1.147804600821939,1.147804600821939,2,1.3174554016680105,0.236793561634443,0.3348766663460587,170.25199999999992,2.518300000000001,1,0,2,0.9,1.1478046008219391,-1.1478046008219391,High-error + high-uncertainty,Overprediction,-4 to < -2,4.570455811799695
B-355,-5.183,-6.3255990834130404,1.1425990834130408,1.1425990834130408,1.1250270355206449,4,1.305532665416321,0.2053444403627956,0.39834626534258,230.31,5.020600000000004,3,3,2,0.0,1.1425990834130406,1.1425990834130406,High-error + high-uncertainty,Underprediction,-6 to < -4,4.198607287435653
A-4736,-1.8668457003,-0.7266956569169163,-1.1401500433830838,1.1401500433830838,1.1827386978379135,3,1.299942121426448,0.219932338423235,0.43363527701564,54.09199999999999,1.3584,0,0,1,0.0,1.1401500433830838,-1.1401500433830838,High-error + high-uncertainty,Overprediction,-2 to < 0,4.363323715594682
A-617,0.9578400993999999,-0.18098986154483498,1.1388299609448351,1.1388299609448351,1.173395618411648,3,1.2969336799456148,0.1558359230091605,0.3058675948382386,60.056,-0.9762000000000002,0,0,0,0.0,1.138829960944835,1.138829960944835,High-error + high-uncertainty,Underprediction,>= 0,3.6202963679960423
B-2603,-3.2803,-4.416183328372612,1.1358833283726126,1.1358833283726126,1.1270172032016368,3,1.2902309356748445,0.189934155873708,0.3795577818240456,238.362,3.5601800000000017,2,2,3,0.1111111111111111,1.135883328372612,1.135883328372612,High-error + high-uncertainty,Underprediction,-4 to < -2,4.009746675481487
A-140,-2.7599573667,-1.62622964026788,-1.1337277264321202,1.1337277264321202,1.0847007619044728,3,1.2853385576809444,0.1943355335532905,0.3792812527048799,114.041,2.0319000000000003,0,0,0,0.3333333333333333,1.1337277264321202,-1.1337277264321202,High-error + high-uncertainty,Overprediction,-4 to < -2,4.057181264455707
A-4607,-2.1520684654,-1.019817922262382,-1.1322505431376184,1.1322505431376184,1.089806082287862,3,1.281991292435432,0.2627221475166195,0.520275994461111,227.085,-1.0200999999999996,0,0,8,1.0,1.1322505431376182,-1.1322505431376182,High-error + high-uncertainty,Overprediction,-4 to < -2,4.845333177655621
A-5811,-8.2701498682,-7.140049068287472,-1.1301007999125288,1.1301007999125288,1.132350508405768,3,1.2771278179629373,0.2013171924571477,0.4026155291967752,530.8780000000003,10.724499999999992,1,1,20,0.8,1.1301007999125288,-1.1301007999125288,High-error + high-uncertainty,Overprediction,< -6,4.132092495715662
F-1100,-3.96,-5.0895367069614945,1.129536706961495,1.129536706961495,1.0822335832221905,4,1.275853172373418,0.1682710514634745,0.3898572406964051,340.184,4.012200000000001,4,4,2,0.0,1.1295367069614946,1.1295367069614946,High-error + high-uncertainty,Underprediction,-4 to < -2,3.749196514750189
A-5698,-8.1750686223,-7.045644754100298,-1.1294238681997013,1.1294238681997013,1.2820763941866282,3,1.2755982740591763,0.2968239023513814,0.5315160721538357,643.4830000000002,6.461900000000004,5,4,8,0.0606060606060606,1.1294238681997015,-1.1294238681997015,High-error + high-uncertainty,Overprediction,< -6,5.235015791439099
